precision,recall,thresholds
0.11668757841907151,1.0,
0.11673640167364016,1.0,0.0005353359
0.11678526580159063,1.0,0.0006449614
0.11683417085427136,1.0,0.0006994375
0.11688311688311688,1.0,0.0007011256
0.11693210393964795,1.0,0.00074721256
0.1169811320754717,1.0,0.00078130694
0.11703020134228188,1.0,0.0007823201
0.11712846347607053,1.0,0.0007986466
0.11717765644687106,1.0,0.00080786925
0.11722689075630252,1.0,0.0008143562
0.11727616645649433,1.0,0.00085705257
0.11732548359966358,1.0,0.0008926611
0.11737484223811527,1.0,0.00094387645
0.11742424242424243,1.0,0.00096952333
0.11747368421052631,1.0,0.0009795504
0.11752316764953664,1.0,0.0009832929
0.11757269279393173,1.0,0.000994439
0.11762225969645869,1.0,0.0010108777
0.11772151898734177,1.0,0.0010186183
0.11777121148163783,1.0,0.0010416678
0.11782094594594594,1.0,0.0010422574
0.11787072243346007,1.0,0.0010564291
0.11792054099746407,1.0,0.0011067627
0.11797040169133192,1.0,0.0011097299
0.11802030456852793,1.0,0.001113348
0.11807024968260686,1.0,0.0011139781
0.11812023708721422,1.0,0.001141931
0.11822033898305084,1.0,0.0011602488
0.11827045358202629,1.0,0.0011893616
0.1183206106870229,1.0,0.0011929452
0.11837081035214256,1.0,0.001203694
0.11842105263157894,1.0,0.0012175652
0.11847133757961784,1.0,0.001247501
0.11862244897959184,1.0,0.0012555843
0.11882453151618398,1.0,0.001268133
0.11887515977844056,1.0,0.0012687698
0.11892583120204604,1.0,0.0012827702
0.11897654584221748,1.0,0.0012968922
0.1190273037542662,1.0,0.0012985725
0.11912894961571306,1.0,0.0013040091
0.11917983767620675,1.0,0.0013040793
0.11923076923076924,1.0,0.001338611
0.11928174433518597,1.0,0.0013490173
0.11943493150684932,1.0,0.0013581624
0.11948608137044968,1.0,0.0013697122
0.11963979416809606,1.0,0.0013738372
0.11974248927038626,1.0,0.0013739589
0.11979390296264492,1.0,0.0013808939
0.11984536082474227,1.0,0.0014050658
0.11989686291362268,1.0,0.0014161322
0.11994840928632847,1.0,0.0014283063
0.12,1.0,0.0014529473
0.12005163511187608,1.0,0.0014557247
0.12010331467929401,1.0,0.0014596657
0.12015503875968993,1.0,0.0014897032
0.12020680741059887,1.0,0.001501509
0.1203104786545925,1.0,0.0015025344
0.12036238136324418,1.0,0.0015090125
0.1205704407951599,1.0,0.0015167848
0.12062256809338522,1.0,0.0015228863
0.12072695802682822,1.0,0.0015273802
0.12077922077922078,1.0,0.001534316
0.12083152880034648,1.0,0.0015353017
0.12088388214904679,1.0,0.0015365478
0.12093628088426528,1.0,0.0015415488
0.1209887250650477,1.0,0.001557069
0.1210412147505423,1.0,0.0015593658
0.12130434782608696,1.0,0.0015649193
0.12156862745098039,1.0,0.0015829765
0.12162162162162163,1.0,0.0016003426
0.12167466201482774,1.0,0.0016015245
0.12178088171104322,1.0,0.0016119535
0.12183406113537118,1.0,0.0016154852
0.1218872870249017,1.0,0.0016201402
0.12194055944055944,1.0,0.0016305527
0.1219938784433756,1.0,0.0016502056
0.1220472440944882,1.0,0.0016511234
0.12210065645514223,1.0,0.0016571047
0.12226117440841368,1.0,0.001657766
0.12231477422183253,1.0,0.0016587039
0.12242211496270294,1.0,0.0016825589
0.12247585601404741,1.0,0.0016935533
0.1225296442687747,1.0,0.0017114498
0.1225834797891037,1.0,0.0017273172
0.1227452705675319,1.0,0.0017275613
0.12279929577464789,1.0,0.0017283346
0.12285336856010567,1.0,0.0017319748
0.12301587301587301,1.0,0.0017385399
0.12307013674459638,1.0,0.0017506009
0.12312444836716681,1.0,0.0017617648
0.12317880794701987,1.0,0.0017769886
0.12323321554770318,1.0,0.0017793822
0.1232876712328767,1.0,0.0017834709
0.12339672711189739,1.0,0.0017941608
0.12345132743362831,1.0,0.0018028326
0.12350597609561753,1.0,0.0018081546
0.12356067316209035,1.0,0.001812852
0.1236154186973859,1.0,0.0018145476
0.12367021276595745,1.0,0.0018148585
0.1237250554323725,1.0,0.0018261117
0.12377994676131322,1.0,0.0018263698
0.12383488681757657,1.0,0.0018389198
0.1238898756660746,1.0,0.0018452528
0.12394491337183473,1.0,0.0018693598
0.124,1.0,0.0018758178
0.12405513561582926,1.0,0.0018776212
0.12449799196787148,1.0,0.0018880967
0.12455357142857143,1.0,0.0019071439
0.12466487935656836,1.0,0.0019241788
0.12472060795708538,1.0,0.0019294021
0.12477638640429338,1.0,0.001931621
0.12483221476510067,1.0,0.0019558037
0.12488809310653537,1.0,0.0019654124
0.12494402149574563,1.0,0.001969686
0.12550607287449392,1.0,0.0019725957
0.12556255625562557,1.0,0.001993147
0.12595936794582394,1.0,0.0019953477
0.12601626016260162,1.0,0.0019967677
0.12607320379575238,1.0,0.0019976099
0.12613019891500904,1.0,0.0020037787
0.12618724559023067,1.0,0.0020220503
0.12635869565217392,1.0,0.0020238506
0.12641594925237878,1.0,0.002025128
0.12647325475974613,1.0,0.002026036
0.12653061224489795,1.0,0.0020434065
0.1265880217785844,1.0,0.0020435834
0.12664548343168408,1.0,0.0020455527
0.12670299727520437,1.0,0.0020471925
0.1267605633802817,1.0,0.002055743
0.12681818181818183,1.0,0.0020586702
0.12687585266030013,1.0,0.0020683666
0.12693357597816196,1.0,0.0020699587
0.12699135184342286,1.0,0.00207007
0.12704918032786885,1.0,0.0020878152
0.12710706150341686,1.0,0.0021029075
0.12716499544211485,1.0,0.002127193
0.12722298221614228,1.0,0.0021328838
0.1272810218978102,1.0,0.0021375034
0.12745545911375056,1.0,0.002137666
0.12751371115173674,1.0,0.0021384892
0.1279229711141678,1.0,0.0021558518
0.12798165137614678,1.0,0.0021562602
0.12804038549793484,1.0,0.002161032
0.128099173553719,1.0,0.0021755386
0.12863070539419086,1.0,0.002180713
0.128690036900369,1.0,0.0021988938
0.12886836027713625,1.0,0.0022034957
0.1289279112754159,1.0,0.0022464723
0.1289875173370319,1.0,0.0022479927
0.12904717853839037,1.0,0.002255601
0.12916666666666668,1.0,0.002257973
0.12922649374710515,1.0,0.002283481
0.12928637627432807,1.0,0.0022875618
0.12934631432545202,1.0,0.0022906426
0.12940630797773656,1.0,0.002314101
0.1294663573085847,1.0,0.0023197124
0.12964684014869887,1.0,0.0023296368
0.1297071129707113,1.0,0.0023339288
0.12976744186046513,1.0,0.0023355847
0.12988826815642457,1.0,0.0023607959
0.13000931966449208,1.0,0.0023761673
0.13006993006993006,1.0,0.002399947
0.13013059701492538,1.0,0.0024127606
0.1301913205786281,1.0,0.002425139
0.13025210084033614,1.0,0.0024308898
0.13031293787949555,1.0,0.0024469353
0.13055685540477305,1.0,0.0024479576
0.1306179775280899,1.0,0.002449642
0.1306791569086651,1.0,0.002453462
0.13074039362699155,1.0,0.0024627962
0.1308016877637131,1.0,0.00247007
0.13086303939962476,1.0,0.0024904227
0.1309244486156734,1.0,0.0024952996
0.13098591549295774,1.0,0.0025128853
0.13104744011272898,1.0,0.0025210883
0.13110902255639098,1.0,0.0025220253
0.1311706629055007,1.0,0.0025253068
0.13123236124176857,1.0,0.0025264998
0.1312941176470588,1.0,0.0025294311
0.13135593220338984,1.0,0.0025307504
0.13154172560113153,1.0,0.0025421218
0.13160377358490566,1.0,0.0025433844
0.13172804532577903,1.0,0.0025539196
0.13179026924893716,1.0,0.0025562102
0.13191489361702127,1.0,0.0025583885
0.13197729422894985,1.0,0.0025585894
0.1320397539044013,1.0,0.0025624987
0.13210227272727273,1.0,0.0025649203
0.13216485078162007,1.0,0.002570599
0.13222748815165877,1.0,0.002571362
0.13229018492176386,1.0,0.002580801
0.1323529411764706,1.0,0.0025841382
0.13241575700047462,1.0,0.0025898053
0.13247863247863248,1.0,0.0025949036
0.13254156769596198,1.0,0.0026148579
0.1326045627376426,1.0,0.0026201347
0.1326676176890157,1.0,0.0026261865
0.13273073263558516,1.0,0.0026303038
0.1327939076630176,1.0,0.0026373172
0.13285714285714287,1.0,0.0026452243
0.13292043830395425,1.0,0.0026503291
0.13317422434367543,1.0,0.0026531264
0.1332378223495702,1.0,0.0026534304
0.13432835820895522,1.0,0.002659841
0.13439306358381503,1.0,0.0026636675
0.1344578313253012,1.0,0.0026678476
0.13452266152362585,1.0,0.0026695582
0.1345875542691751,1.0,0.0026700317
0.13471752776436505,1.0,0.002688296
0.1349129593810445,1.0,0.0026904985
0.1351089588377724,1.0,0.0027045875
0.13517441860465115,1.0,0.002705605
0.13523994183228308,1.0,0.0027087347
0.13530552861299708,1.0,0.0027181467
0.13537117903930132,1.0,0.002741046
0.1354368932038835,1.0,0.0027588801
0.13550267119961146,1.0,0.0027685699
0.13556851311953352,1.0,0.0027701342
0.13583252190847128,1.0,0.0027781401
0.1358986848514369,1.0,0.0028117932
0.13596491228070176,1.0,0.0028140268
0.13603120429058996,1.0,0.002835892
0.13609756097560977,1.0,0.0028362575
0.13616398243045388,1.0,0.0028384377
0.13623046875,1.0,0.0028544962
0.13629702002931118,1.0,0.0028707664
0.13636363636363635,1.0,0.0028748263
0.13643031784841075,1.0,0.0028853293
0.13649706457925637,1.0,0.0028942297
0.13676470588235295,1.0,0.0029186253
0.13750616067028093,1.0,0.0029209226
0.13757396449704143,1.0,0.0029338147
0.13764183522446966,1.0,0.002935944
0.1377097729516288,1.0,0.002939022
0.13777777777777778,1.0,0.0029431877
0.13818722139673106,1.0,0.0029518649
0.13825569871159563,1.0,0.002953163
0.1383242439266237,1.0,0.0029545804
0.13839285714285715,1.0,0.0029550074
0.13846153846153847,1.0,0.002955513
0.1385302879841112,1.0,0.002966399
0.13859910581222057,1.0,0.0029779929
0.1386679920477137,1.0,0.0029911106
0.13873694679264048,1.0,0.00300093
0.13880597014925372,1.0,0.0030022257
0.13887506222000995,1.0,0.0030031365
0.1389442231075697,1.0,0.0030154039
0.13901345291479822,1.0,0.0030222468
0.1390827517447657,1.0,0.0030225597
0.13915211970074812,1.0,0.0030268147
0.13922155688622753,1.0,0.003047586
0.13929106340489267,1.0,0.0030888007
0.13936063936063936,1.0,0.0030898214
0.1395,1.0,0.00309112
0.13956978489244623,1.0,0.0031036513
0.13963963963963963,1.0,0.003121851
0.1397095643465198,1.0,0.0031239826
0.13977955911823647,1.0,0.0031283621
0.13984962406015036,1.0,0.0031399347
0.1399197592778335,1.0,0.003155404
0.13998996487706974,1.0,0.0031771786
0.14006024096385541,1.0,0.0031883218
0.1401305876443998,1.0,0.0031894874
0.14020100502512564,1.0,0.0031924483
0.14055415617128464,1.0,0.0031991333
0.14069591527987896,1.0,0.0032079571
0.1408379606259465,1.0,0.0032084086
0.1409090909090909,1.0,0.0032128769
0.14098029307731177,1.0,0.0032219635
0.14119433198380565,1.0,0.003225802
0.14126582278481012,1.0,0.0032272206
0.1413373860182371,1.0,0.0032304372
0.141409021794222,1.0,0.0032445756
0.14148073022312374,1.0,0.0032541242
0.1416243654822335,1.0,0.0032677383
0.14169629253428137,1.0,0.0032707574
0.14176829268292682,1.0,0.0032802455
0.1418403660396543,1.0,0.0032866844
0.14191251271617497,1.0,0.0032880032
0.14198473282442747,1.0,0.0033053146
0.14205702647657842,1.0,0.0033281012
0.14212939378502293,1.0,0.0033298354
0.14220183486238533,1.0,0.003348144
0.14227434982151962,1.0,0.0033494763
0.14234693877551022,1.0,0.0033543874
0.14241960183767227,1.0,0.0033602188
0.14256515074092999,1.0,0.0033691141
0.14271099744245525,1.0,0.003371581
0.14285714285714285,1.0,0.0033779363
0.14293032786885246,1.0,0.0033829086
0.14300358790363915,1.0,0.0033886093
0.1431503335043612,1.0,0.0033916265
0.14322381930184805,1.0,0.0034065861
0.1433710174717369,1.0,0.003417963
0.14344473007712083,1.0,0.0034364343
0.14351851851851852,1.0,0.0034550712
0.1435923829130211,1.0,0.0034551898
0.14366632337796087,1.0,0.0034740665
0.1437403400309119,1.0,0.0034863718
0.14403717088280846,1.0,0.0034959367
0.1441115702479339,1.0,0.0035014397
0.14418604651162792,1.0,0.0035050155
0.14426059979317477,1.0,0.0035173865
0.14433523021210554,1.0,0.0035306986
0.14440993788819875,1.0,0.0036050552
0.1444847229414811,1.0,0.0036253422
0.14455958549222797,1.0,0.0036280698
0.14463452566096424,1.0,0.0036323231
0.14478463933575506,1.0,0.0036501533
0.14485981308411214,1.0,0.003655551
0.14493506493506494,1.0,0.0036809982
0.145010395010395,1.0,0.0036966987
0.14508580343213728,1.0,0.0036980251
0.14516129032258066,1.0,0.0036991283
0.14523685580426862,1.0,0.0037204237
0.1453125,1.0,0.0037260393
0.1453882230328296,1.0,0.0037448069
0.1454640250260688,1.0,0.0037548589
0.14553990610328638,1.0,0.0037636936
0.14561586638830898,1.0,0.0037712355
0.14569190600522194,1.0,0.0037781657
0.14576802507836992,1.0,0.003779898
0.14584422373235756,1.0,0.0037949553
0.1459205020920502,1.0,0.0038000762
0.14599686028257458,1.0,0.0038225912
0.14614981665793608,1.0,0.0038404507
0.14622641509433962,1.0,0.0038456495
0.14630309386470897,1.0,0.0038558086
0.14637985309548793,1.0,0.003864037
0.14645669291338584,1.0,0.0038752714
0.14653361344537816,1.0,0.0038774256
0.1466106148187073,1.0,0.0039034623
0.14668769716088328,1.0,0.0039313403
0.14676486059968438,1.0,0.0039335275
0.147074327886136,1.0,0.0039574853
0.14715189873417722,1.0,0.0039590006
0.14722955145118732,1.0,0.0039611827
0.14730728616684266,1.0,0.0039655366
0.1473851030110935,1.0,0.003989755
0.1474630021141649,1.0,0.0039981017
0.14754098360655737,1.0,0.0040103677
0.14761904761904762,1.0,0.004013786
0.14769719428268926,1.0,0.0040366547
0.14777542372881355,1.0,0.004037694
0.1478537360890302,1.0,0.004045631
0.147932131495228,1.0,0.0040462017
0.14801061007957558,1.0,0.0040566223
0.1480891719745223,1.0,0.0040662875
0.14824654622741765,1.0,0.004082077
0.14832535885167464,1.0,0.004094911
0.14840425531914894,1.0,0.004109139
0.1485623003194888,1.0,0.0041655577
0.14872068230277186,1.0,0.0041664285
0.1488,1.0,0.004169692
0.14887940234791888,1.0,0.0041833003
0.14895888948211425,1.0,0.0041960147
0.14903846153846154,1.0,0.0041990923
0.14911811865312666,1.0,0.004199603
0.14919786096256685,1.0,0.0042005284
0.1492776886035313,1.0,0.0042078043
0.1493576017130621,1.0,0.0042080483
0.1494376004284949,1.0,0.004214377
0.1495176848874598,1.0,0.004219377
0.14959785522788205,1.0,0.00424392
0.14967811158798283,1.0,0.004244855
0.1497584541062802,1.0,0.004251576
0.1498388829215897,1.0,0.004291182
0.1504043126684636,1.0,0.004292188
0.15048543689320387,1.0,0.0043237316
0.15056664867781974,1.0,0.0043275305
0.15064794816414687,1.0,0.0043303566
0.15113759479956662,1.0,0.004345385
0.15121951219512195,1.0,0.004348109
0.15130151843817788,1.0,0.0043486827
0.15138361367335865,1.0,0.0043581733
0.15146579804560262,1.0,0.0043616737
0.15154807170016296,1.0,0.004364771
0.1516304347826087,1.0,0.004374843
0.15171288743882544,1.0,0.004381086
0.15179542981501631,1.0,0.0043940423
0.15187806205770277,1.0,0.0044074804
0.15212649945474374,1.0,0.0044128024
0.15220949263502456,1.0,0.0044235997
0.15229257641921398,1.0,0.0044314945
0.1523757509557619,1.0,0.0044342135
0.15245901639344261,1.0,0.0044471277
0.15254237288135594,1.0,0.0044488674
0.1526258205689278,1.0,0.004455984
0.15287671232876712,1.0,0.0044569783
0.15296052631578946,1.0,0.0044970755
0.1531284302963776,1.0,0.0045020347
0.15321252059308071,1.0,0.0045071538
0.1532967032967033,1.0,0.004533512
0.15338097855964816,1.0,0.004546906
0.15346534653465346,1.0,0.0045538265
0.1537190082644628,1.0,0.0045932312
0.15380374862183022,1.0,0.004596101
0.15388858246001103,1.0,0.0045982003
0.15397350993377484,1.0,0.004648972
0.15457063711911356,1.0,0.0046512075
0.15465631929046564,1.0,0.0046558324
0.15474209650582363,1.0,0.0046917964
0.15482796892341844,1.0,0.004701263
0.15525876460767946,1.0,0.0047127386
0.15534521158129175,1.0,0.004722442
0.1554317548746518,1.0,0.004755315
0.15551839464882944,1.0,0.004763539
0.15560513106525375,1.0,0.0047897
0.15569196428571427,1.0,0.004816109
0.15577889447236182,1.0,0.004821217
0.1558659217877095,1.0,0.004821521
0.15595304639463387,1.0,0.0048225424
0.15604026845637584,1.0,0.004828638
0.15674157303370786,1.0,0.004836219
0.15682967959527824,1.0,0.0048634624
0.15691788526434194,1.0,0.0048698382
0.1571830985915493,1.0,0.00486991
0.157271702367531,1.0,0.004882321
0.15736040609137056,1.0,0.0049163788
0.1574492099322799,1.0,0.004920388
0.15753811405985318,1.0,0.0049237576
0.1576271186440678,1.0,0.0049385754
0.15771622385528547,1.0,0.0049411776
0.1578054298642534,1.0,0.004963526
0.15789473684210525,1.0,0.004969825
0.1579841449603624,1.0,0.0049809767
0.15807365439093485,1.0,0.004984828
0.15816326530612246,1.0,0.005011021
0.158252977878616,1.0,0.0050182515
0.1583427922814983,1.0,0.00502415
0.15843270868824533,1.0,0.0050420524
0.15852272727272726,1.0,0.005044725
0.1586128482092098,1.0,0.0050469367
0.15870307167235495,1.0,0.005053557
0.15879339783722254,1.0,0.005065917
0.15888382687927108,1.0,0.0050697564
0.15897435897435896,1.0,0.005090546
0.15906499429874574,1.0,0.005093807
0.15915573302909297,1.0,0.0051128804
0.15924657534246575,1.0,0.0051268293
0.15933752141633353,1.0,0.005143267
0.15942857142857142,1.0,0.0051495833
0.15961098398169338,1.0,0.0051971185
0.15970234688036633,1.0,0.005199658
0.15979381443298968,1.0,0.005207527
0.15988538681948425,1.0,0.0052179126
0.15997706422018348,1.0,0.005227433
0.16006884681583478,1.0,0.005233673
0.16016073478760046,1.0,0.005236926
0.16025272831705917,1.0,0.0052417126
0.16034482758620688,1.0,0.0052430104
0.1604370327774583,1.0,0.005251259
0.16052934407364788,1.0,0.0052554547
0.16062176165803108,1.0,0.0052698483
0.16080691642651296,1.0,0.005316107
0.16089965397923875,1.0,0.0053375717
0.16099249855741488,1.0,0.005348228
0.16108545034642033,1.0,0.005366507
0.1611785095320624,1.0,0.0053991256
0.16136495083863506,1.0,0.00541794
0.16145833333333334,1.0,0.0054425416
0.16155182397220613,1.0,0.0054589384
0.16164542294322132,1.0,0.005460098
0.1617391304347826,1.0,0.0054646726
0.16183294663573086,1.0,0.005467319
0.16192687173534534,1.0,0.0054692747
0.16202090592334495,1.0,0.0054753837
0.1621150493898896,1.0,0.0054875095
0.1622093023255814,1.0,0.005500928
0.16230366492146597,1.0,0.0055108755
0.16239813736903377,1.0,0.005516071
0.16249271986022132,1.0,0.0055319057
0.16258741258741258,1.0,0.005558677
0.16268221574344024,1.0,0.00557692
0.16277712952158693,1.0,0.0055772243
0.1628721541155867,1.0,0.0055819233
0.16296728971962618,1.0,0.0055888807
0.16306253652834599,1.0,0.0056202495
0.1631578947368421,1.0,0.005676205
0.16325336454066705,1.0,0.005695026
0.16334894613583137,1.0,0.005696298
0.1634446397188049,1.0,0.00570588
0.16354044548651817,1.0,0.0057144677
0.16363636363636364,1.0,0.0057213726
0.1637323943661972,1.0,0.005735185
0.1638285378743394,1.0,0.0057411673
0.16392479435957696,1.0,0.005759089
0.164021164021164,1.0,0.005761833
0.16411764705882353,1.0,0.0057751024
0.16431095406360424,1.0,0.0057755406
0.164407778432528,1.0,0.005792695
0.1645047169811321,1.0,0.005807279
0.16460176991150444,1.0,0.005840916
0.16469893742621014,1.0,0.0058740387
0.16479621972829298,1.0,0.0058770557
0.16489361702127658,1.0,0.005891303
0.16499112950916617,1.0,0.0059717926
0.1650887573964497,1.0,0.0059885276
0.16518650088809947,1.0,0.0060198517
0.16528436018957346,1.0,0.006030858
0.16538233550681683,1.0,0.006061758
0.16548042704626334,1.0,0.006070196
0.1655786350148368,1.0,0.0060812104
0.1656769596199525,1.0,0.0061081275
0.1657754010695187,1.0,0.0061389706
0.16587395957193818,1.0,0.006177839
0.16597263533610945,1.0,0.006178741
0.16547619047619047,0.996415770609319,0.006191737
0.16557474687313878,0.996415770609319,0.0062008426
0.16567342073897498,0.996415770609319,0.006213868
0.1657722122838402,0.996415770609319,0.0062291212
0.1658711217183771,0.996415770609319,0.0062358286
0.16597014925373135,0.996415770609319,0.0062701493
0.16606929510155316,0.996415770609319,0.0062784054
0.1661685594739988,0.996415770609319,0.006279732
0.16626794258373206,0.996415770609319,0.00628476
0.1663674446439258,0.996415770609319,0.0062994794
0.1664670658682635,0.996415770609319,0.0063042603
0.1665668064709407,0.996415770609319,0.006307852
0.16666666666666666,0.996415770609319,0.006404313
0.16676664667066587,0.996415770609319,0.0064057237
0.16686674669867949,0.996415770609319,0.0064125834
0.16696696696696697,0.996415770609319,0.00641976
0.16706730769230768,0.996415770609319,0.0064214095
0.1671677690920024,0.996415770609319,0.0064412206
0.16726835138387486,0.996415770609319,0.006447956
0.16736905478627334,0.996415770609319,0.006450642
0.1674698795180723,0.996415770609319,0.0064762747
0.1675708257986739,0.996415770609319,0.0065054656
0.16767189384800965,0.996415770609319,0.006529297
0.16777308388654194,0.996415770609319,0.006545535
0.16797583081570996,0.996415770609319,0.0065838997
0.16807738814993953,0.996415770609319,0.006585403
0.16817906836055657,0.996415770609319,0.006620678
0.1682808716707022,0.996415770609319,0.006692965
0.16838279830405814,0.996415770609319,0.0067069023
0.1684848484848485,0.996415770609319,0.0067171482
0.16858702243784113,0.996415770609319,0.006726955
0.16868932038834952,0.996415770609319,0.0067875753
0.16879174256223436,0.996415770609319,0.0067982753
0.16889428918590524,0.996415770609319,0.0068174233
0.16899696048632218,0.996415770609319,0.006817717
0.16909975669099755,0.996415770609319,0.00685893
0.16920267802799757,0.996415770609319,0.0068806517
0.16930572472594396,0.996415770609319,0.0068951505
0.16940889701401585,0.996415770609319,0.0069728927
0.16951219512195123,0.996415770609319,0.007043226
0.1696156192800488,0.996415770609319,0.00705719
0.16971916971916973,0.996415770609319,0.007068268
0.16982284667073916,0.996415770609319,0.007089074
0.16992665036674817,0.996415770609319,0.0071092946
0.1701346389228886,0.996415770609319,0.00711124
0.1702388242498469,0.996415770609319,0.0071237255
0.17034313725490197,0.996415770609319,0.0071294005
0.17044757817290007,0.996415770609319,0.007131561
0.1705521472392638,0.996415770609319,0.007136995
0.17065684468999387,0.996415770609319,0.0071591306
0.17076167076167076,0.996415770609319,0.0071711047
0.17086662569145666,0.996415770609319,0.007185752
0.17097170971709716,0.996415770609319,0.0071873167
0.17107692307692307,0.996415770609319,0.0072293407
0.17118226600985223,0.996415770609319,0.0072403206
0.17128773875539124,0.996415770609319,0.007251287
0.17139334155363747,0.996415770609319,0.007264387
0.17160493827160495,0.996415770609319,0.0072775246
0.17171093267449042,0.996415770609319,0.007295377
0.17181705809641531,0.996415770609319,0.0073013674
0.17192331478045764,0.996415770609319,0.0073032584
0.17202970297029702,0.996415770609319,0.007312488
0.1721362229102167,0.996415770609319,0.007331841
0.17224287484510534,0.996415770609319,0.0073700803
0.17234965902045876,0.996415770609319,0.007374903
0.17245657568238212,0.996415770609319,0.0074228514
0.17288557213930347,0.996415770609319,0.0074311085
0.1729931549471064,0.996415770609319,0.0074576675
0.17310087173100872,0.996415770609319,0.007506353
0.17320872274143304,0.996415770609319,0.0075275768
0.17331670822942644,0.996415770609319,0.007544342
0.17342482844666252,0.996415770609319,0.0076005226
0.1735330836454432,0.996415770609319,0.0076408572
0.1736414740787008,0.996415770609319,0.0077047595
0.17375,0.996415770609319,0.0077094347
0.1739674593241552,0.996415770609319,0.0077258376
0.17407639323731997,0.996415770609319,0.0077282037
0.17418546365914786,0.996415770609319,0.0077549494
0.174294670846395,0.996415770609319,0.0077618547
0.17440401505646172,0.996415770609319,0.007765447
0.17451349654739484,0.996415770609319,0.0077712806
0.17462311557788945,0.996415770609319,0.007782362
0.17473287240729102,0.996415770609319,0.00778567
0.17484276729559747,0.996415770609319,0.007793653
0.1749528005034613,0.996415770609319,0.007865257
0.17506297229219145,0.996415770609319,0.007929636
0.1751732829237555,0.996415770609319,0.007960458
0.17528373266078184,0.996415770609319,0.007985486
0.1753943217665615,0.996415770609319,0.007991899
0.1755050505050505,0.996415770609319,0.008014977
0.17561591914087177,0.996415770609319,0.008045177
0.17572692793931732,0.996415770609319,0.0080575505
0.17583807716635041,0.996415770609319,0.008069499
0.1759493670886076,0.996415770609319,0.008070667
0.17606079797340088,0.996415770609319,0.008072569
0.1761723700887199,0.996415770609319,0.008123498
0.17628408370323398,0.996415770609319,0.008155153
0.17639593908629442,0.996415770609319,0.008166956
0.1765079365079365,0.996415770609319,0.008199263
0.17662007623888182,0.996415770609319,0.008231262
0.17673235855054037,0.996415770609319,0.008243704
0.17684478371501272,0.996415770609319,0.008258251
0.1769573520050923,0.996415770609319,0.00827204
0.1770700636942675,0.996415770609319,0.008300146
0.17718291905672404,0.996415770609319,0.008306232
0.17729591836734693,0.996415770609319,0.008426227
0.17740906190172304,0.996415770609319,0.008427705
0.17752234993614305,0.996415770609319,0.008456628
0.17763578274760383,0.996415770609319,0.008492628
0.17774936061381075,0.996415770609319,0.008508386
0.17786308381317978,0.996415770609319,0.008555815
0.17797695262483995,0.996415770609319,0.008572653
0.1780909673286355,0.996415770609319,0.0085761435
0.1782051282051282,0.996415770609319,0.008588465
0.17831943553559973,0.996415770609319,0.008664629
0.17843388960205392,0.996415770609319,0.008722418
0.178548490687219,0.996415770609319,0.008891717
0.17866323907455012,0.996415770609319,0.008981468
0.1787781350482315,0.996415770609319,0.009017271
0.1788931788931789,0.996415770609319,0.009077043
0.17900837089504185,0.996415770609319,0.009112427
0.1791237113402062,0.996415770609319,0.009210315
0.17923920051579625,0.996415770609319,0.009234195
0.17935483870967742,0.996415770609319,0.009275328
0.17947062621045837,0.996415770609319,0.009292252
0.17958656330749354,0.996415770609319,0.009296828
0.17970265029088558,0.996415770609319,0.009312366
0.17981888745148772,0.996415770609319,0.009341688
0.17993527508090615,0.996415770609319,0.00936051
0.1800518134715026,0.996415770609319,0.009365313
0.18016850291639663,0.996415770609319,0.009383487
0.18028534370946822,0.996415770609319,0.009400566
0.18040233614536016,0.996415770609319,0.00953582
0.18051948051948052,0.996415770609319,0.009535826
0.1806367771280052,0.996415770609319,0.009579018
0.18075422626788037,0.996415770609319,0.009674095
0.180871828236825,0.996415770609319,0.009687346
0.18098958333333334,0.996415770609319,0.009735718
0.18110749185667752,0.996415770609319,0.009741135
0.18122555410691005,0.996415770609319,0.009752747
0.18134377038486627,0.996415770609319,0.009763386
0.1814621409921671,0.996415770609319,0.009803441
0.18158066623122143,0.996415770609319,0.009804849
0.18169934640522875,0.996415770609319,0.009821311
0.18181818181818182,0.996415770609319,0.009880392
0.18193717277486912,0.996415770609319,0.009953095
0.18205631958087753,0.996415770609319,0.00998959
0.182175622542595,0.996415770609319,0.010008614
0.18241469816272965,0.996415770609319,0.010010692
0.1825344714379514,0.996415770609319,0.010033107
0.18265440210249673,0.996415770609319,0.010073572
0.18277449046679817,0.996415770609319,0.010105005
0.18289473684210528,0.996415770609319,0.010124088
0.18301514154048718,0.996415770609319,0.010218088
0.1831357048748353,0.996415770609319,0.01023147
0.18325642715886617,0.996415770609319,0.0102830585
0.18337730870712401,0.996415770609319,0.010309726
0.1834983498349835,0.996415770609319,0.010410082
0.18361955085865259,0.996415770609319,0.010468873
0.18374091209517515,0.996415770609319,0.010500961
0.18386243386243387,0.996415770609319,0.010503111
0.1839841164791529,0.996415770609319,0.010560723
0.18410596026490067,0.996415770609319,0.010595433
0.18422796554009277,0.996415770609319,0.010605286
0.1843501326259947,0.996415770609319,0.010620656
0.18447246184472463,0.996415770609319,0.010676927
0.1845949535192563,0.996415770609319,0.010726067
0.1848404255319149,0.996415770609319,0.010753657
0.18496340652029275,0.996415770609319,0.010770262
0.18508655126498003,0.996415770609319,0.010798566
0.18520986009327114,0.996415770609319,0.010815985
0.18533333333333332,0.996415770609319,0.010816174
0.18545697131420946,0.996415770609319,0.010918758
0.1855807743658211,0.996415770609319,0.010922513
0.18570474281897129,0.996415770609319,0.011044246
0.1858288770053476,0.996415770609319,0.01104473
0.18595317725752508,0.996415770609319,0.011106683
0.18607764390896922,0.996415770609319,0.011111115
0.18620227729403885,0.996415770609319,0.011131478
0.1863270777479893,0.996415770609319,0.011178337
0.18645204560697518,0.996415770609319,0.011180371
0.1865771812080537,0.996415770609319,0.011282407
0.18670248488918736,0.996415770609319,0.01133389
0.18695359784801613,0.996415770609319,0.011361462
0.18707940780619112,0.996415770609319,0.011398644
0.1872053872053872,0.996415770609319,0.011398811
0.18733153638814015,0.996415770609319,0.011466116
0.18745785569790965,0.996415770609319,0.011471543
0.18758434547908232,0.996415770609319,0.011489796
0.18771100607697502,0.996415770609319,0.011530329
0.18783783783783783,0.996415770609319,0.011550514
0.18796484110885733,0.996415770609319,0.011563435
0.1882193635748138,0.996415770609319,0.011608791
0.18834688346883469,0.996415770609319,0.011657905
0.18847457627118644,0.996415770609319,0.011716949
0.18860244233378562,0.996415770609319,0.01173634
0.1887304820095044,0.996415770609319,0.0117776655
0.18885869565217392,0.996415770609319,0.0117977
0.1891156462585034,0.996415770609319,0.011797861
0.18924438393464943,0.996415770609319,0.011816038
0.1893732970027248,0.996415770609319,0.011836578
0.18950238582140422,0.996415770609319,0.011868287
0.18963165075034105,0.996415770609319,0.011872601
0.18989071038251365,0.996415770609319,0.011879684
0.1900205058099795,0.996415770609319,0.011890868
0.19015047879616964,0.996415770609319,0.011917183
0.19028062970568105,0.996415770609319,0.011928862
0.19041095890410958,0.996415770609319,0.011970885
0.19054146675805347,0.996415770609319,0.012009806
0.19080301990391216,0.996415770609319,0.012025121
0.19093406593406592,0.996415770609319,0.012027743
0.19106529209621992,0.996415770609319,0.012090011
0.19119669876203577,0.996415770609319,0.012189683
0.1913282863041982,0.996415770609319,0.0122742
0.19146005509641872,0.996415770609319,0.0122905085
0.191592005513439,0.996415770609319,0.0123147685
0.1917241379310345,0.996415770609319,0.012342353
0.19185645272601795,0.996415770609319,0.012374142
0.1919889502762431,0.996415770609319,0.012380688
0.19225449515905949,0.996415770609319,0.012396107
0.19238754325259516,0.996415770609319,0.012460017
0.1925207756232687,0.996415770609319,0.012526941
0.19265419265419265,0.996415770609319,0.012634671
0.1927877947295423,0.996415770609319,0.0126434425
0.19292158223455932,0.996415770609319,0.01271122
0.19305555555555556,0.996415770609319,0.012723919
0.1931897150799166,0.996415770609319,0.012728741
0.1933240611961057,0.996415770609319,0.012743953
0.19345859429366735,0.996415770609319,0.012775355
0.1935933147632312,0.996415770609319,0.012784759
0.19372822299651568,0.996415770609319,0.012812508
0.19386331938633194,0.996415770609319,0.012895478
0.19399860432658758,0.996415770609319,0.013002162
0.1941340782122905,0.996415770609319,0.01301481
0.19426974143955275,0.996415770609319,0.013016753
0.1944055944055944,0.996415770609319,0.013023616
0.19454163750874737,0.996415770609319,0.0132361185
0.19467787114845939,0.996415770609319,0.013271826
0.19481429572529782,0.996415770609319,0.013274556
0.1949509116409537,0.996415770609319,0.013285466
0.19508771929824562,0.996415770609319,0.013347026
0.1952247191011236,0.996415770609319,0.013352433
0.19536191145467321,0.996415770609319,0.013389485
0.19549929676511954,0.996415770609319,0.013396787
0.1956368754398311,0.996415770609319,0.013457307
0.19577464788732393,0.996415770609319,0.013573835
0.1961891319689485,0.996415770609319,0.013581569
0.1963276836158192,0.996415770609319,0.013632019
0.1966053748231966,0.996415770609319,0.013706131
0.1967445152158528,0.996415770609319,0.013739638
0.19688385269121814,0.996415770609319,0.013762485
0.19702338766832034,0.996415770609319,0.013789319
0.1971631205673759,0.996415770609319,0.013898105
0.19730305180979418,0.996415770609319,0.013944993
0.19744318181818182,0.996415770609319,0.013965038
0.19758351101634683,0.996415770609319,0.014217988
0.19772403982930298,0.996415770609319,0.014293988
0.19786476868327402,0.996415770609319,0.0142967235
0.198005698005698,0.996415770609319,0.014308561
0.19814682822523164,0.996415770609319,0.014376611
0.19828815977175462,0.996415770609319,0.01447235
0.198429693076374,0.996415770609319,0.01448937
0.19857142857142857,0.996415770609319,0.014500478
0.19871336669049322,0.996415770609319,0.014507042
0.1988555078683834,0.996415770609319,0.014569921
0.19899785254115962,0.996415770609319,0.0145826535
0.1991404011461318,0.996415770609319,0.014669671
0.1992831541218638,0.996415770609319,0.014693358
0.1994261119081779,0.996415770609319,0.014702217
0.19956927494615936,0.996415770609319,0.014729985
0.1997126436781609,0.996415770609319,0.014839781
0.19985621854780733,0.996415770609319,0.014881639
0.2,0.996415770609319,0.014888597
0.20014398848092152,0.996415770609319,0.014888925
0.20028818443804033,0.996415770609319,0.01495127
0.2007220216606498,0.996415770609319,0.015005231
0.20086705202312138,0.996415770609319,0.015019332
0.2010122921185828,0.996415770609319,0.015043718
0.2011577424023155,0.996415770609319,0.01507808
0.20130340333091962,0.996415770609319,0.015099963
0.20144927536231885,0.996415770609319,0.01515334
0.20159535895576505,0.996415770609319,0.015194707
0.20174165457184326,0.996415770609319,0.015205348
0.2018881626724764,0.996415770609319,0.015294307
0.20218181818181818,0.996415770609319,0.015307196
0.20232896652110627,0.996415770609319,0.0153351575
0.202476329206118,0.996415770609319,0.015417254
0.20351390922401172,0.996415770609319,0.0154216485
0.20366300366300366,0.996415770609319,0.015433541
0.20426157237325496,0.996415770609319,0.015434635
0.20441176470588235,0.996415770609319,0.015489512
0.20456217807211186,0.996415770609319,0.015599178
0.20471281296023564,0.996415770609319,0.01562627
0.20486366985998525,0.996415770609319,0.015634898
0.20501474926253688,0.996415770609319,0.015659017
0.2051660516605166,0.996415770609319,0.015660906
0.20546932742054694,0.996415770609319,0.015702736
0.20562130177514792,0.996415770609319,0.015740264
0.20607857672349889,0.996415770609319,0.015748592
0.2062314540059347,0.996415770609319,0.015807757
0.20638455827765403,0.996415770609319,0.015833432
0.20808383233532934,0.996415770609319,0.015879663
0.20823970037453182,0.996415770609319,0.015888443
0.20839580209895053,0.996415770609319,0.015909377
0.20855213803450862,0.996415770609319,0.015936881
0.2087087087087087,0.996415770609319,0.015991451
0.20886551465063863,0.996415770609319,0.016096808
0.20902255639097744,0.996415770609319,0.016096892
0.2091798344620015,0.996415770609319,0.016099038
0.20933734939759036,0.996415770609319,0.01616786
0.20949510173323285,0.996415770609319,0.016200311
0.2096530920060332,0.996415770609319,0.016254922
0.20981132075471698,0.996415770609319,0.016397247
0.20996978851963746,0.996415770609319,0.016422978
0.21012849584278157,0.996415770609319,0.016457729
0.2102874432677761,0.996415770609319,0.016485276
0.21044663133989402,0.996415770609319,0.01650765
0.2106060606060606,0.996415770609319,0.016527688
0.21076573161485973,0.996415770609319,0.01664141
0.2109256449165402,0.996415770609319,0.01673323
0.21108580106302202,0.996415770609319,0.016807437
0.21124620060790272,0.996415770609319,0.01682329
0.21140684410646388,0.996415770609319,0.016832529
0.2115677321156773,0.996415770609319,0.016913129
0.21172886519421172,0.996415770609319,0.017033825
0.21189024390243902,0.996415770609319,0.017068654
0.2120518688024409,0.996415770609319,0.017165555
0.21221374045801528,0.996415770609319,0.017174214
0.21237585943468296,0.996415770609319,0.017244192
0.21253822629969418,0.996415770609319,0.017378058
0.2127008416220352,0.996415770609319,0.017423617
0.21286370597243492,0.996415770609319,0.017440818
0.21302681992337164,0.996415770609319,0.017445337
0.21319018404907975,0.996415770609319,0.017542941
0.21335379892555642,0.996415770609319,0.017618563
0.21351766513056836,0.996415770609319,0.01763402
0.21368178324365872,0.996415770609319,0.017638927
0.21384615384615385,0.996415770609319,0.017665718
0.21401077752117012,0.996415770609319,0.017794251
0.21417565485362094,0.996415770609319,0.017940694
0.21434078643022358,0.996415770609319,0.017984416
0.21450617283950618,0.996415770609319,0.018075526
0.21467181467181468,0.996415770609319,0.018092744
0.21483771251931993,0.996415770609319,0.018152729
0.21500386697602475,0.996415770609319,0.018206544
0.21517027863777088,0.996415770609319,0.018273892
0.21533694810224632,0.996415770609319,0.018344728
0.21550387596899226,0.996415770609319,0.018464878
0.2156710628394104,0.996415770609319,0.018498903
0.21583850931677018,0.996415770609319,0.018545015
0.216006216006216,0.996415770609319,0.018598462
0.2161741835147745,0.996415770609319,0.01860917
0.21634241245136188,0.996415770609319,0.01866627
0.21651090342679127,0.996415770609319,0.018673774
0.2166796570537802,0.996415770609319,0.018686406
0.21684867394695787,0.996415770609319,0.0187955
0.21701795472287275,0.996415770609319,0.01879899
0.2171875,0.996415770609319,0.018848768
0.21735731039874903,0.996415770609319,0.01890423
0.21752738654147105,0.996415770609319,0.018911807
0.21769772905246673,0.996415770609319,0.018914673
0.21786833855799373,0.996415770609319,0.018927185
0.21803921568627452,0.996415770609319,0.018951422
0.21821036106750394,0.996415770609319,0.018965613
0.21838177533385703,0.996415770609319,0.019102626
0.21855345911949686,0.996415770609319,0.019177178
0.2187254130605822,0.996415770609319,0.019186364
0.2188976377952756,0.996415770609319,0.019427972
0.219070133963751,0.996415770609319,0.019483875
0.2192429022082019,0.996415770609319,0.0195496
0.21941594317284924,0.996415770609319,0.019684426
0.21958925750394945,0.996415770609319,0.019721447
0.21976284584980238,0.996415770609319,0.01976125
0.2199367088607595,0.996415770609319,0.019790046
0.220110847189232,0.996415770609319,0.019838912
0.2202852614896989,0.996415770609319,0.020094534
0.2204599524187153,0.996415770609319,0.020141672
0.22063492063492063,0.996415770609319,0.02024673
0.22081016679904686,0.996415770609319,0.020256668
0.22098569157392686,0.996415770609319,0.02030222
0.2211614956245028,0.996415770609319,0.020322453
0.2213375796178344,0.996415770609319,0.020450179
0.22151394422310758,0.996415770609319,0.020501276
0.22169059011164274,0.996415770609319,0.02078212
0.22186751795690343,0.996415770609319,0.020831492
0.2220447284345048,0.996415770609319,0.020958716
0.2222222222222222,0.996415770609319,0.021081712
0.2224,0.996415770609319,0.021156957
0.22257806244995998,0.996415770609319,0.02115822
0.22275641025641027,0.996415770609319,0.021162488
0.22293504410585405,0.996415770609319,0.021183195
0.2231139646869984,0.996415770609319,0.021231482
0.22329317269076304,0.996415770609319,0.021294912
0.22347266881028938,0.996415770609319,0.021315614
0.2236524537409493,0.996415770609319,0.021537257
0.22383252818035426,0.996415770609319,0.021569617
0.22401289282836423,0.996415770609319,0.02194812
0.22419354838709676,0.996415770609319,0.022024427
0.22437449556093625,0.996415770609319,0.02211367
0.2245557350565428,0.996415770609319,0.022168882
0.22473726758286175,0.996415770609319,0.022190208
0.22491909385113268,0.996415770609319,0.022218958
0.2251012145748988,0.996415770609319,0.022352284
0.2252836304700162,0.996415770609319,0.022419414
0.22546634225466342,0.996415770609319,0.022644907
0.22564935064935066,0.996415770609319,0.022701269
0.2258326563769293,0.996415770609319,0.022742055
0.22601626016260162,0.996415770609319,0.022818621
0.22620016273393004,0.996415770609319,0.022885015
0.2263843648208469,0.996415770609319,0.022932352
0.2265688671556642,0.996415770609319,0.022963881
0.2267536704730832,0.996415770609319,0.022964217
0.22693877551020408,0.996415770609319,0.023035483
0.22712418300653595,0.996415770609319,0.023056805
0.22730989370400653,0.996415770609319,0.023095267
0.22749590834697217,0.996415770609319,0.02312932
0.22768222768222768,0.996415770609319,0.023243103
0.2278688524590164,0.996415770609319,0.023297837
0.2280557834290402,0.996415770609319,0.023411658
0.22824302134646962,0.996415770609319,0.023601161
0.228430566967954,0.996415770609319,0.023694754
0.22861842105263158,0.996415770609319,0.023739375
0.2288065843621399,0.996415770609319,0.023742422
0.22899505766062603,0.996415770609319,0.02380092
0.2291838417147568,0.996415770609319,0.024020577
0.22937293729372937,0.996415770609319,0.02405821
0.2295623451692816,0.996415770609319,0.024238538
0.22975206611570248,0.996415770609319,0.024258507
0.22994210090984285,0.996415770609319,0.02442245
0.23013245033112584,0.996415770609319,0.024485502
0.23051409618573798,0.996415770609319,0.024566265
0.23070539419087138,0.996415770609319,0.024596494
0.23089700996677742,0.996415770609319,0.024667505
0.2310889443059019,0.996415770609319,0.024716625
0.23128119800332778,0.996415770609319,0.02473358
0.231473771856786,0.996415770609319,0.024781054
0.23166666666666666,0.996415770609319,0.024988946
0.23185988323603002,0.996415770609319,0.025083747
0.23205342237061768,0.996415770609319,0.025110533
0.2322472848788638,0.996415770609319,0.025230642
0.23244147157190637,0.996415770609319,0.025432302
0.23263598326359833,0.996415770609319,0.025502337
0.23283082077051925,0.996415770609319,0.0257528
0.2330259849119866,0.996415770609319,0.025780056
0.2332214765100671,0.996415770609319,0.025944797
0.23341729638958858,0.996415770609319,0.02607129
0.23361344537815126,0.996415770609319,0.026491828
0.23380992430613962,0.996415770609319,0.026516004
0.234006734006734,0.996415770609319,0.026533814
0.2342038753159225,0.996415770609319,0.026658742
0.23440134907251264,0.996415770609319,0.02669223
0.23459915611814347,0.996415770609319,0.026759116
0.23479729729729729,0.996415770609319,0.026787706
0.23499577345731193,0.996415770609319,0.026865978
0.23519458544839256,0.996415770609319,0.026875803
0.23539373412362405,0.996415770609319,0.027310649
0.23559322033898306,0.996415770609319,0.027360661
0.2357930449533503,0.996415770609319,0.027485829
0.23599320882852293,0.996415770609319,0.02751113
0.23619371282922685,0.996415770609319,0.027556663
0.23639455782312926,0.996415770609319,0.027563522
0.23659574468085107,0.996415770609319,0.027667006
0.23679727427597955,0.996415770609319,0.027897747
0.236999147485081,0.996415770609319,0.028032174
0.23720136518771331,0.996415770609319,0.0280924
0.23740392826643894,0.996415770609319,0.028132055
0.2376068376068376,0.996415770609319,0.028253004
0.23781009409751924,0.996415770609319,0.028313354
0.238013698630137,0.996415770609319,0.028338853
0.23821765209940018,0.996415770609319,0.028425232
0.23842195540308747,0.996415770609319,0.028451193
0.23862660944206007,0.996415770609319,0.028457725
0.23883161512027493,0.996415770609319,0.02851824
0.23903697334479793,0.996415770609319,0.028525151
0.23924268502581755,0.996415770609319,0.028547114
0.23944875107665806,0.996415770609319,0.028588373
0.2396551724137931,0.996415770609319,0.028630646
0.23986194995685936,0.996415770609319,0.028765457
0.24006908462867013,0.996415770609319,0.02880401
0.24027657735522903,0.996415770609319,0.028836753
0.24048442906574394,0.996415770609319,0.02898622
0.24069264069264068,0.996415770609319,0.02904615
0.24090121317157712,0.996415770609319,0.029197844
0.24111014744145706,0.996415770609319,0.029248206
0.24131944444444445,0.996415770609319,0.029248966
0.24152910512597742,0.996415770609319,0.029405938
0.2417391304347826,0.996415770609319,0.029484121
0.24194952132288947,0.996415770609319,0.029573727
0.2421602787456446,0.996415770609319,0.029770093
0.24237140366172624,0.996415770609319,0.029830104
0.2425828970331588,0.996415770609319,0.030035375
0.2427947598253275,0.996415770609319,0.030221405
0.243006993006993,0.996415770609319,0.030293515
0.2432195975503062,0.996415770609319,0.030354735
0.2434325744308231,0.996415770609319,0.030713612
0.24364592462751972,0.996415770609319,0.03072009
0.24385964912280703,0.996415770609319,0.030723173
0.2440737489025461,0.996415770609319,0.030731672
0.24428822495606328,0.996415770609319,0.030839233
0.24450307827616535,0.996415770609319,0.03095969
0.24471830985915494,0.996415770609319,0.031004349
0.24493392070484582,0.996415770609319,0.031005802
0.24514991181657847,0.996415770609319,0.03104287
0.24536628420123566,0.996415770609319,0.031060316
0.24558303886925795,0.996415770609319,0.031124732
0.2458001768346596,0.996415770609319,0.031142175
0.24601769911504426,0.996415770609319,0.031422548
0.2462356067316209,0.996415770609319,0.031469695
0.24645390070921985,0.996415770609319,0.03159308
0.2466725820763088,0.996415770609319,0.03162097
0.2468916518650089,0.996415770609319,0.031653278
0.24711111111111111,0.996415770609319,0.031779617
0.24733096085409254,0.996415770609319,0.031788144
0.2475512021371327,0.996415770609319,0.031978372
0.24777183600713013,0.996415770609319,0.032025367
0.247992863514719,0.996415770609319,0.032170374
0.24821428571428572,0.996415770609319,0.032253448
0.2484361036639857,0.996415770609319,0.032277837
0.24865831842576028,0.996415770609319,0.03250297
0.24888093106535364,0.996415770609319,0.032556724
0.24910394265232974,0.996415770609319,0.03285008
0.24932735426008967,0.996415770609319,0.033056185
0.2495511669658887,0.996415770609319,0.03317715
0.24977538185085355,0.996415770609319,0.03318124
0.25,0.996415770609319,0.033418715
0.2502250225022502,0.996415770609319,0.03343509
0.25045045045045045,0.996415770609319,0.033471357
0.25067628494138866,0.996415770609319,0.033512816
0.2509025270758123,0.996415770609319,0.03355611
0.25112917795844625,0.996415770609319,0.033821568
0.2513562386980108,0.996415770609319,0.033975877
0.2515837104072398,0.996415770609319,0.034048155
0.25181159420289856,0.996415770609319,0.034226406
0.25203989120580234,0.996415770609319,0.034327522
0.25226860254083483,0.996415770609319,0.03443505
0.2524977293369664,0.996415770609319,0.034553155
0.25272727272727274,0.996415770609319,0.034585834
0.2529572338489536,0.996415770609319,0.034817144
0.25318761384335153,0.996415770609319,0.03523393
0.2534184138559708,0.996415770609319,0.035381768
0.25364963503649635,0.996415770609319,0.03545333
0.25388127853881276,0.996415770609319,0.035730585
0.25481209899175067,0.996415770609319,0.035763428
0.25504587155963304,0.996415770609319,0.035784036
0.25528007346189163,0.996415770609319,0.03579295
0.2555147058823529,0.996415770609319,0.036013305
0.2559852670349908,0.996415770609319,0.036505666
0.2564575645756458,0.996415770609319,0.03680303
0.2566943674976916,0.996415770609319,0.03691061
0.25693160813308685,0.996415770609319,0.03696187
0.25716928769657726,0.996415770609319,0.03705197
0.25764596848934196,0.996415770609319,0.03714444
0.25788497217068646,0.996415770609319,0.037299346
0.25812441968430827,0.996415770609319,0.03749331
0.258364312267658,0.996415770609319,0.037515428
0.2586046511627907,0.996415770609319,0.03751839
0.25884543761638734,0.996415770609319,0.037612926
0.2590866728797763,0.996415770609319,0.037706822
0.2593283582089552,0.996415770609319,0.03797579
0.25957049486461253,0.996415770609319,0.038040817
0.25981308411214954,0.996415770609319,0.038106687
0.2600561272217025,0.996415770609319,0.038133945
0.2602996254681648,0.996415770609319,0.03817999
0.260543580131209,0.996415770609319,0.038335692
0.2607879924953096,0.996415770609319,0.03855261
0.26103286384976526,0.996415770609319,0.038766336
0.26127819548872183,0.996415770609319,0.038888738
0.26152398871119475,0.996415770609319,0.039123245
0.2617702448210923,0.996415770609319,0.039145038
0.26201696512723843,0.996415770609319,0.039209567
0.2622641509433962,0.996415770609319,0.03925591
0.26251180358829085,0.996415770609319,0.039366715
0.2627599243856333,0.996415770609319,0.039513737
0.2630085146641438,0.996415770609319,0.039514903
0.26325757575757575,0.996415770609319,0.03956318
0.26350710900473934,0.996415770609319,0.039585073
0.2637571157495256,0.996415770609319,0.039632503
0.26400759734093066,0.996415770609319,0.03984198
0.26425855513307983,0.996415770609319,0.040140394
0.26450999048525214,0.996415770609319,0.040163577
0.26476190476190475,0.996415770609319,0.04037534
0.2650142993326978,0.996415770609319,0.040444754
0.2652671755725191,0.996415770609319,0.04060718
0.26552053486150906,0.996415770609319,0.0408205
0.26577437858508607,0.996415770609319,0.040885057
0.2660287081339713,0.996415770609319,0.04089608
0.2662835249042146,0.996415770609319,0.04091171
0.2665388302972196,0.996415770609319,0.04103882
0.2667946257197697,0.996415770609319,0.041150536
0.2670509125840538,0.996415770609319,0.041213144
0.2673076923076923,0.996415770609319,0.041239396
0.26756496631376325,0.996415770609319,0.041284535
0.2678227360308285,0.996415770609319,0.04139875
0.26808100289296044,0.996415770609319,0.041576054
0.26833976833976836,0.996415770609319,0.042084392
0.26859903381642514,0.996415770609319,0.042108197
0.2688588007736944,0.996415770609319,0.042199194
0.2691190706679574,0.996415770609319,0.042279735
0.2693798449612403,0.996415770609319,0.042330015
0.2696411251212415,0.996415770609319,0.042400498
0.26990291262135924,0.996415770609319,0.04281343
0.27016520894071916,0.996415770609319,0.043041162
0.2704280155642023,0.996415770609319,0.043070257
0.27069133398247325,0.996415770609319,0.0431198
0.2709551656920078,0.996415770609319,0.04335164
0.27121951219512197,0.996415770609319,0.043366224
0.271484375,0.996415770609319,0.043383133
0.27174975562072334,0.996415770609319,0.04357732
0.2720156555772994,0.996415770609319,0.04361665
0.2722820763956905,0.996415770609319,0.043763477
0.2725490196078431,0.996415770609319,0.04397608
0.2728164867517174,0.996415770609319,0.04441304
0.2730844793713163,0.996415770609319,0.04456644
0.27335299901671584,0.996415770609319,0.04466583
0.2736220472440945,0.996415770609319,0.045013852
0.2738916256157635,0.996415770609319,0.045490947
0.27416173570019725,0.996415770609319,0.045576505
0.2744323790720632,0.996415770609319,0.04567458
0.274703557312253,0.996415770609319,0.045939907
0.27497527200791294,0.996415770609319,0.046187617
0.27524752475247527,0.996415770609319,0.046307124
0.2755203171456888,0.996415770609319,0.04648231
0.2757936507936508,0.996415770609319,0.046663392
0.27606752730883816,0.996415770609319,0.04679766
0.27634194831013914,0.996415770609319,0.04681554
0.2766169154228856,0.996415770609319,0.046966497
0.27689243027888444,0.996415770609319,0.047254115
0.27716849451645065,0.996415770609319,0.047403
0.2774451097804391,0.996415770609319,0.047569755
0.2777222777222777,0.996415770609319,0.04795941
0.277,0.992831541218638,0.048264842
0.2772772772772773,0.992831541218638,0.048415415
0.2775551102204409,0.992831541218638,0.04858895
0.2768304914744233,0.989247311827957,0.048637867
0.27710843373493976,0.989247311827957,0.048918676
0.27738693467336684,0.989247311827957,0.048962686
0.2776659959758551,0.989247311827957,0.05000056
0.27794561933534745,0.989247311827957,0.050107166
0.2782258064516129,0.989247311827957,0.050245166
0.2785065590312815,0.989247311827957,0.05024842
0.2787878787878788,0.989247311827957,0.05062185
0.27906976744186046,0.989247311827957,0.050676994
0.2793522267206478,0.989247311827957,0.050821744
0.2796352583586626,0.989247311827957,0.051193554
0.2799188640973631,0.989247311827957,0.05134423
0.2802030456852792,0.989247311827957,0.051405102
0.2804878048780488,0.989247311827957,0.051980153
0.2807731434384537,0.989247311827957,0.052260716
0.28105906313645623,0.989247311827957,0.05235677
0.28134556574923547,0.989247311827957,0.052569997
0.2816326530612245,0.989247311827957,0.052620497
0.2819203268641471,0.989247311827957,0.052688148
0.28118609406952966,0.985663082437276,0.052823454
0.28147389969293757,0.985663082437276,0.05310233
0.2817622950819672,0.985663082437276,0.053286288
0.28205128205128205,0.985663082437276,0.053287815
0.28234086242299794,0.985663082437276,0.053581264
0.28263103802672146,0.985663082437276,0.053903908
0.2829218106995885,0.985663082437276,0.05412513
0.28321318228630277,0.985663082437276,0.054206356
0.28350515463917525,0.985663082437276,0.054213274
0.2837977296181631,0.985663082437276,0.05427716
0.2840909090909091,0.985663082437276,0.05455087
0.2843846949327818,0.985663082437276,0.054568604
0.28467908902691513,0.985663082437276,0.054770146
0.2849740932642487,0.985663082437276,0.054842822
0.28526970954356845,0.985663082437276,0.054877877
0.28556593977154726,0.985663082437276,0.054926027
0.28586278586278585,0.985663082437276,0.055039983
0.2861602497398543,0.985663082437276,0.055270676
0.2864583333333333,0.985663082437276,0.05574085
0.2867570385818561,0.985663082437276,0.055859257
0.2870563674321503,0.985663082437276,0.05596864
0.28735632183908044,0.985663082437276,0.05619053
0.28765690376569036,0.985663082437276,0.056420892
0.2879581151832461,0.985663082437276,0.056455836
0.2882599580712788,0.985663082437276,0.056650195
0.2885624344176285,0.985663082437276,0.05702215
0.28886554621848737,0.985663082437276,0.057355326
0.2891692954784437,0.985663082437276,0.0575635
0.2894736842105263,0.985663082437276,0.05778211
0.2897787144362487,0.985663082437276,0.05832639
0.290084388185654,0.985663082437276,0.05841607
0.29039070749736007,0.985663082437276,0.058463123
0.29069767441860467,0.985663082437276,0.058523495
0.291005291005291,0.985663082437276,0.058546733
0.2913135593220339,0.985663082437276,0.058571156
0.2916224814422057,0.985663082437276,0.058660537
0.291932059447983,0.985663082437276,0.059000302
0.2922422954303932,0.985663082437276,0.059086382
0.2925531914893617,0.985663082437276,0.05914516
0.2928647497337593,0.985663082437276,0.05939489
0.2931769722814499,0.985663082437276,0.05943725
0.2934898612593383,0.985663082437276,0.059498318
0.2938034188034188,0.985663082437276,0.059505593
0.29411764705882354,0.985663082437276,0.059564617
0.2944325481798715,0.985663082437276,0.059564997
0.2947481243301179,0.985663082437276,0.059998885
0.29506437768240346,0.985663082437276,0.060101803
0.2953813104189044,0.985663082437276,0.060220253
0.2956989247311828,0.985663082437276,0.060472947
0.2960172228202368,0.985663082437276,0.060676202
0.2963362068965517,0.985663082437276,0.061006177
0.296655879180151,0.985663082437276,0.06104779
0.296976241900648,0.985663082437276,0.061445404
0.2972972972972973,0.985663082437276,0.061487284
0.2976190476190476,0.985663082437276,0.061617322
0.2979414951245937,0.985663082437276,0.06163901
0.2982646420824295,0.985663082437276,0.06214877
0.2985884907709012,0.985663082437276,0.062210478
0.29891304347826086,0.985663082437276,0.06228359
0.2992383025027203,0.985663082437276,0.06289488
0.2995642701525055,0.985663082437276,0.06325805
0.2998909487459106,0.985663082437276,0.0633022
0.3002183406113537,0.985663082437276,0.06337535
0.3005464480874317,0.985663082437276,0.06358562
0.30087527352297594,0.985663082437276,0.06364174
0.30120481927710846,0.985663082437276,0.06430618
0.30153508771929827,0.985663082437276,0.064375505
0.3018660812294182,0.985663082437276,0.06453883
0.3021978021978022,0.985663082437276,0.06455924
0.3025302530253025,0.985663082437276,0.06526422
0.30286343612334804,0.985663082437276,0.065579355
0.3031973539140022,0.985663082437276,0.06560985
0.30353200883002207,0.985663082437276,0.065691546
0.30386740331491713,0.985663082437276,0.06596407
0.30420353982300885,0.985663082437276,0.066007674
0.30454042081949056,0.985663082437276,0.06608394
0.3048780487804878,0.985663082437276,0.06609989
0.3052164261931188,0.985663082437276,0.06681217
0.3055555555555556,0.985663082437276,0.06707005
0.30589543937708563,0.985663082437276,0.06713314
0.3062360801781737,0.985663082437276,0.06798879
0.30657748049052397,0.985663082437276,0.068069
0.30691964285714285,0.985663082437276,0.06812191
0.30726256983240224,0.985663082437276,0.06822764
0.3076062639821029,0.985663082437276,0.06829368
0.3079507278835386,0.985663082437276,0.068534665
0.30829596412556054,0.985663082437276,0.06869393
0.30864197530864196,0.985663082437276,0.068698764
0.3089887640449438,0.985663082437276,0.068846405
0.3093363329583802,0.985663082437276,0.069084615
0.3096846846846847,0.985663082437276,0.06912893
0.3100338218714769,0.985663082437276,0.06950156
0.31038374717832956,0.985663082437276,0.069541484
0.3107344632768362,0.985663082437276,0.0698027
0.31108597285067874,0.985663082437276,0.06980516
0.3114382785956965,0.985663082437276,0.0699121
0.31179138321995464,0.985663082437276,0.069960654
0.31214528944381387,0.985663082437276,0.07014782
0.3125,0.985663082437276,0.07029414
0.31285551763367464,0.985663082437276,0.07030511
0.3132118451025057,0.985663082437276,0.070319
0.31356898517673887,0.985663082437276,0.070655175
0.3139269406392694,0.985663082437276,0.07085644
0.3142857142857143,0.985663082437276,0.07100174
0.3146453089244851,0.985663082437276,0.071032286
0.3150057273768614,0.985663082437276,0.07119751
0.31536697247706424,0.985663082437276,0.07160426
0.3157290470723307,0.985663082437276,0.07190485
0.3160919540229885,0.985663082437276,0.07234065
0.31645569620253167,0.985663082437276,0.0728003
0.31682027649769584,0.985663082437276,0.07304601
0.31718569780853517,0.985663082437276,0.0733834
0.31755196304849886,0.985663082437276,0.07348086
0.3179190751445087,0.985663082437276,0.073991925
0.31828703703703703,0.985663082437276,0.07409044
0.3186558516801854,0.985663082437276,0.07461885
0.3190255220417633,0.985663082437276,0.07487072
0.31939605110336816,0.985663082437276,0.07518137
0.31976744186046513,0.985663082437276,0.07525964
0.320139697322468,0.985663082437276,0.075869195
0.32051282051282054,0.985663082437276,0.07628327
0.3208868144690782,0.985663082437276,0.07632187
0.3212616822429907,0.985663082437276,0.076651886
0.32046783625730996,0.982078853046595,0.07666915
0.32084309133489464,0.982078853046595,0.0767606
0.3212192262602579,0.982078853046595,0.07703985
0.3215962441314554,0.982078853046595,0.07740364
0.3207990599294947,0.978494623655914,0.077429324
0.3211764705882353,0.978494623655914,0.07761648
0.3215547703180212,0.978494623655914,0.07763001
0.32193396226415094,0.978494623655914,0.07770089
0.32231404958677684,0.978494623655914,0.078456596
0.32269503546099293,0.978494623655914,0.078472994
0.3230769230769231,0.978494623655914,0.07864389
0.3234597156398104,0.978494623655914,0.0788557
0.3238434163701068,0.978494623655914,0.07908318
0.32422802850356297,0.978494623655914,0.07918927
0.32461355529131986,0.978494623655914,0.079227746
0.325,0.978494623655914,0.07959709
0.3253873659117998,0.978494623655914,0.07974397
0.32577565632458233,0.978494623655914,0.07985758
0.32616487455197135,0.978494623655914,0.08028357
0.326555023923445,0.978494623655914,0.08040569
0.3269461077844311,0.978494623655914,0.08042709
0.3273381294964029,0.978494623655914,0.08107577
0.3277310924369748,0.978494623655914,0.081855506
0.3269230769230769,0.974910394265233,0.08230603
0.32731648616125153,0.974910394265233,0.08241005
0.327710843373494,0.974910394265233,0.08241266
0.3281061519903498,0.974910394265233,0.08241482
0.3285024154589372,0.974910394265233,0.0825716
0.32889963724304716,0.974910394265233,0.08264578
0.32929782082324455,0.974910394265233,0.08421662
0.3296969696969697,0.974910394265233,0.08437397
0.3288834951456311,0.9713261648745519,0.08474811
0.3292831105710814,0.9713261648745519,0.08480732
0.32968369829683697,0.9713261648745519,0.085190974
0.33008526187576126,0.9713261648745519,0.08667062
0.3304878048780488,0.9713261648745519,0.08735075
0.3308913308913309,0.9713261648745519,0.08735668
0.3312958435207824,0.9713261648745519,0.087751366
0.3317013463892289,0.9713261648745519,0.08802163
0.3321078431372549,0.9713261648745519,0.08829562
0.3325153374233129,0.9713261648745519,0.088581495
0.33292383292383293,0.9713261648745519,0.08882185
0.33210332103321033,0.967741935483871,0.08914461
0.33251231527093594,0.967741935483871,0.08917173
0.33292231812577067,0.967741935483871,0.089910455
0.3333333333333333,0.967741935483871,0.09049138
0.3337453646477132,0.967741935483871,0.09050965
0.3341584158415842,0.967741935483871,0.09085129
0.3345724907063197,0.967741935483871,0.09125503
0.3349875930521092,0.967741935483871,0.09141041
0.3341614906832298,0.96415770609319,0.091891624
0.3345771144278607,0.96415770609319,0.0920657
0.33499377334993774,0.96415770609319,0.09215561
0.33541147132169574,0.96415770609319,0.09246988
0.3358302122347066,0.96415770609319,0.09257304
0.33625,0.96415770609319,0.092584655
0.33667083854818525,0.96415770609319,0.09309426
0.33709273182957394,0.96415770609319,0.09310345
0.33751568381430364,0.96415770609319,0.09364578
0.3379396984924623,0.96415770609319,0.09365118
0.3383647798742138,0.96415770609319,0.093829095
0.33879093198992444,0.96415770609319,0.094212
0.33921815889029006,0.96415770609319,0.09479032
0.33964646464646464,0.96415770609319,0.09576502
0.34007585335018964,0.96415770609319,0.09586158
0.34050632911392403,0.96415770609319,0.09616465
0.3409378960709759,0.96415770609319,0.09694997
0.3413705583756345,0.96415770609319,0.09835403
0.3405336721728081,0.9605734767025089,0.099197075
0.34096692111959287,0.9605734767025089,0.0993647
0.3414012738853503,0.9605734767025089,0.09940774
0.34183673469387754,0.9605734767025089,0.0995601
0.34227330779054915,0.9605734767025089,0.09975432
0.34271099744245526,0.9605734767025089,0.10063377
0.34314980793854033,0.9605734767025089,0.10095841
0.3435897435897436,0.9605734767025089,0.10206574
0.34403080872913994,0.9605734767025089,0.10217684
0.3444730077120823,0.9605734767025089,0.102370806
0.34491634491634493,0.9605734767025089,0.10260453
0.34536082474226804,0.9605734767025089,0.10273096
0.34580645161290324,0.9605734767025089,0.10312644
0.3462532299741602,0.9605734767025089,0.1034207
0.34670116429495473,0.9605734767025089,0.1036329
0.3471502590673575,0.9605734767025089,0.104162656
0.3476005188067445,0.9605734767025089,0.10421735
0.34805194805194806,0.9605734767025089,0.10488378
0.34850455136540964,0.9605734767025089,0.104944885
0.3489583333333333,0.9605734767025089,0.105107315
0.3494132985658409,0.9605734767025089,0.1055377
0.34986945169712796,0.9605734767025089,0.10556142
0.3503267973856209,0.9605734767025089,0.106220976
0.3507853403141361,0.9605734767025089,0.10670628
0.35124508519003933,0.9605734767025089,0.107405044
0.35170603674540685,0.9605734767025089,0.107753396
0.35216819973718794,0.9605734767025089,0.1081292
0.3526315789473684,0.9605734767025089,0.108571425
0.3530961791831357,0.9605734767025089,0.10865908
0.35356200527704484,0.9605734767025089,0.10873064
0.35402906208718626,0.9605734767025089,0.10875046
0.3544973544973545,0.9605734767025089,0.109229386
0.35496688741721855,0.9605734767025089,0.110062145
0.35543766578249336,0.9605734767025089,0.11025133
0.3559096945551129,0.9605734767025089,0.1107547
0.35638297872340424,0.9605734767025089,0.11075822
0.35685752330226367,0.9605734767025089,0.11134723
0.35733333333333334,0.9605734767025089,0.11181472
0.35781041388518026,0.9605734767025089,0.11192025
0.3582887700534759,0.9605734767025089,0.11202027
0.357429718875502,0.956989247311828,0.11275411
0.3579088471849866,0.956989247311828,0.11444694
0.35838926174496644,0.956989247311828,0.11446424
0.3588709677419355,0.956989247311828,0.11516998
0.35935397039030953,0.956989247311828,0.11526973
0.35983827493261455,0.956989247311828,0.115375765
0.3603238866396761,0.956989247311828,0.11552201
0.3608108108108108,0.956989247311828,0.11579798
0.36129905277401897,0.956989247311828,0.11581402
0.3617886178861789,0.956989247311828,0.11623733
0.3622795115332429,0.956989247311828,0.11723656
0.36277173913043476,0.956989247311828,0.11729619
0.363265306122449,0.956989247311828,0.11751076
0.3637602179836512,0.956989247311828,0.117888816
0.36425648021828105,0.956989247311828,0.11798962
0.3633879781420765,0.953405017921147,0.118434556
0.36388508891928867,0.953405017921147,0.118470274
0.3643835616438356,0.953405017921147,0.11849845
0.36488340192043894,0.953405017921147,0.11878446
0.364010989010989,0.9498207885304659,0.12011221
0.36451169188445665,0.9498207885304659,0.1207151
0.3650137741046832,0.9498207885304659,0.12095608
0.36551724137931035,0.9498207885304659,0.12137689
0.3660220994475138,0.9498207885304659,0.12178077
0.3665283540802213,0.9498207885304659,0.12260671
0.3670360110803324,0.9498207885304659,0.12295713
0.36754507628294036,0.9498207885304659,0.12336725
0.3680555555555556,0.9498207885304659,0.12392725
0.36856745479833103,0.9498207885304659,0.124869004
0.36908077994428967,0.9498207885304659,0.12593159
0.3695955369595537,0.9498207885304659,0.1275323
0.37011173184357543,0.9498207885304659,0.12778223
0.3706293706293706,0.9498207885304659,0.12782373
0.3711484593837535,0.9498207885304659,0.12844248
0.37166900420757365,0.9498207885304659,0.1293536
0.37219101123595505,0.9498207885304659,0.12940975
0.3727144866385373,0.9498207885304659,0.12970692
0.3732394366197183,0.9498207885304659,0.13004744
0.37376586741889983,0.9498207885304659,0.13048872
0.3742937853107345,0.9498207885304659,0.13056386
0.37482319660537483,0.9498207885304659,0.13063169
0.37535410764872523,0.9498207885304659,0.13102081
0.375886524822695,0.9498207885304659,0.13154738
0.37642045454545453,0.9498207885304659,0.13182075
0.37695590327169276,0.9498207885304659,0.13186446
0.37749287749287747,0.9498207885304659,0.13224661
0.3780313837375178,0.9498207885304659,0.13241808
0.37857142857142856,0.9498207885304659,0.13248625
0.3791130185979971,0.9498207885304659,0.1326556
0.37965616045845274,0.9498207885304659,0.13379905
0.3802008608321377,0.9498207885304659,0.13484704
0.3807471264367816,0.9498207885304659,0.13516921
0.381294964028777,0.9498207885304659,0.13733244
0.3804034582132565,0.946236559139785,0.13788532
0.38095238095238093,0.946236559139785,0.1386065
0.3815028901734104,0.946236559139785,0.13913672
0.38205499276411,0.946236559139785,0.1391414
0.3826086956521739,0.946236559139785,0.13925746
0.38316400580551524,0.946236559139785,0.14016268
0.38372093023255816,0.946236559139785,0.14033546
0.38282387190684136,0.942652329749104,0.14050551
0.38338192419825073,0.942652329749104,0.14086919
0.38394160583941606,0.942652329749104,0.14095551
0.3845029239766082,0.942652329749104,0.14116703
0.3850658857979502,0.942652329749104,0.1423082
0.38563049853372433,0.942652329749104,0.14268023
0.38619676945668135,0.942652329749104,0.14318278
0.38676470588235295,0.942652329749104,0.143773
0.3873343151693667,0.942652329749104,0.14408968
0.387905604719764,0.942652329749104,0.1444181
0.3870014771048744,0.9390681003584229,0.14496349
0.3875739644970414,0.9390681003584229,0.14510302
0.38814814814814813,0.9390681003584229,0.14534873
0.3887240356083086,0.9390681003584229,0.14537337
0.38930163447251115,0.9390681003584229,0.14541963
0.3898809523809524,0.9390681003584229,0.14558253
0.39046199701937406,0.9390681003584229,0.14699976
0.39104477611940297,0.9390681003584229,0.14791124
0.39162929745889385,0.9390681003584229,0.1483276
0.39221556886227543,0.9390681003584229,0.14841922
0.39280359820089955,0.9390681003584229,0.15229613
0.3933933933933934,0.9390681003584229,0.1528472
0.39398496240601505,0.9390681003584229,0.15446697
0.39457831325301207,0.9390681003584229,0.15468375
0.3951734539969834,0.9390681003584229,0.15681754
0.3957703927492447,0.9390681003584229,0.15832673
0.394856278366112,0.9354838709677419,0.15839598
0.3939393939393939,0.931899641577061,0.15890053
0.3945371775417299,0.931899641577061,0.15900768
0.3951367781155015,0.931899641577061,0.1596812
0.395738203957382,0.931899641577061,0.16028152
0.39634146341463417,0.931899641577061,0.16063355
0.3969465648854962,0.931899641577061,0.16094913
0.39755351681957185,0.931899641577061,0.16352275
0.3981623277182236,0.931899641577061,0.16418414
0.3987730061349693,0.931899641577061,0.16489811
0.39938556067588327,0.931899641577061,0.16620205
0.4,0.931899641577061,0.16660939
0.40061633281972264,0.931899641577061,0.1674263
0.4012345679012346,0.931899641577061,0.16769463
0.401854714064915,0.931899641577061,0.16858633
0.4024767801857585,0.931899641577061,0.1689022
0.40310077519379844,0.931899641577061,0.16907997
0.40372670807453415,0.931899641577061,0.1702201
0.40435458786936235,0.931899641577061,0.17041337
0.40342679127725856,0.9283154121863799,0.17381012
0.4040561622464899,0.9283154121863799,0.17414519
0.4046875,0.9283154121863799,0.17581336
0.405320813771518,0.9283154121863799,0.17738847
0.4059561128526646,0.9283154121863799,0.17822184
0.4065934065934066,0.9283154121863799,0.17868122
0.40723270440251574,0.9283154121863799,0.1799146
0.4078740157480315,0.9283154121863799,0.1799225
0.4085173501577287,0.9283154121863799,0.18123747
0.40916271721958924,0.9283154121863799,0.18125975
0.4098101265822785,0.9283154121863799,0.18199047
0.410459587955626,0.9283154121863799,0.1837939
0.4111111111111111,0.9283154121863799,0.1838849
0.4117647058823529,0.9283154121863799,0.18404642
0.4124203821656051,0.9283154121863799,0.18523753
0.4130781499202552,0.9283154121863799,0.18548448
0.41373801916932906,0.9283154121863799,0.18603635
0.4128,0.9247311827956989,0.18730359
0.41346153846153844,0.9247311827956989,0.18914895
0.41412520064205455,0.9247311827956989,0.18941772
0.41479099678456594,0.9247311827956989,0.19123353
0.41545893719806765,0.9247311827956989,0.19127142
0.4161290322580645,0.9247311827956989,0.1923298
0.4168012924071082,0.9247311827956989,0.19255824
0.4174757281553398,0.9247311827956989,0.19299683
0.4181523500810373,0.9247311827956989,0.19478591
0.41883116883116883,0.9247311827956989,0.19504635
0.4195121951219512,0.9247311827956989,0.1958909
0.4201954397394137,0.9247311827956989,0.19717029
0.4192495921696574,0.921146953405018,0.19732113
0.4199346405228758,0.921146953405018,0.19742665
0.4206219312602291,0.921146953405018,0.1984145
0.42131147540983604,0.921146953405018,0.19868375
0.4220032840722496,0.921146953405018,0.19885248
0.42269736842105265,0.921146953405018,0.19909048
0.4233937397034596,0.921146953405018,0.19936156
0.4240924092409241,0.921146953405018,0.19968212
0.4231404958677686,0.9175627240143369,0.20074232
0.423841059602649,0.9175627240143369,0.20128259
0.42454394693200664,0.9175627240143369,0.20174603
0.42524916943521596,0.9175627240143369,0.20185538
0.4259567387687188,0.9175627240143369,0.20310356
0.4266666666666667,0.9175627240143369,0.20379001
0.4273789649415693,0.9175627240143369,0.20570005
0.4280936454849498,0.9175627240143369,0.20629384
0.4288107202680067,0.9175627240143369,0.20685022
0.42953020134228187,0.9175627240143369,0.20712432
0.43025210084033616,0.9175627240143369,0.20756093
0.43097643097643096,0.9175627240143369,0.20860127
0.4317032040472175,0.9175627240143369,0.20921192
0.43243243243243246,0.9175627240143369,0.20922153
0.43316412859560066,0.9175627240143369,0.2093038
0.43389830508474575,0.9175627240143369,0.20949051
0.43463497453310695,0.9175627240143369,0.21111438
0.43537414965986393,0.9175627240143369,0.21121265
0.43611584327086883,0.9175627240143369,0.21126987
0.4351535836177474,0.9139784946236559,0.21307111
0.4358974358974359,0.9139784946236559,0.21412605
0.4366438356164384,0.9139784946236559,0.2146956
0.43739279588336194,0.9139784946236559,0.21473067
0.4381443298969072,0.9139784946236559,0.21546505
0.4388984509466437,0.9139784946236559,0.21704435
0.4396551724137931,0.9139784946236559,0.21824114
0.44041450777202074,0.9139784946236559,0.21914354
0.4411764705882353,0.9139784946236559,0.22088937
0.44020797227036396,0.910394265232975,0.22089933
0.4409722222222222,0.910394265232975,0.22115362
0.44173913043478263,0.910394265232975,0.22156084
0.4425087108013937,0.910394265232975,0.22348072
0.4432809773123909,0.910394265232975,0.22582377
0.44405594405594406,0.910394265232975,0.22707145
0.4448336252189142,0.910394265232975,0.22734553
0.4456140350877193,0.910394265232975,0.22815555
0.44639718804920914,0.910394265232975,0.2290092
0.4471830985915493,0.910394265232975,0.22989084
0.4479717813051146,0.910394265232975,0.230049
0.44876325088339225,0.910394265232975,0.23090783
0.4495575221238938,0.910394265232975,0.23099296
0.450354609929078,0.910394265232975,0.23240277
0.4511545293072824,0.910394265232975,0.23305355
0.45195729537366547,0.910394265232975,0.23415886
0.45276292335115864,0.910394265232975,0.23420133
0.4517857142857143,0.9068100358422939,0.23599382
0.45080500894454384,0.9032258064516129,0.23694909
0.45161290322580644,0.9032258064516129,0.23753652
0.4524236983842011,0.9032258064516129,0.23763783
0.45323741007194246,0.9032258064516129,0.23821668
0.4540540540540541,0.9032258064516129,0.23901372
0.4548736462093863,0.9032258064516129,0.23937118
0.45569620253164556,0.9032258064516129,0.24022865
0.45471014492753625,0.899641577060932,0.24251154
0.455535390199637,0.899641577060932,0.2425782
0.45636363636363636,0.899641577060932,0.2428401
0.45719489981785066,0.899641577060932,0.24367216
0.458029197080292,0.899641577060932,0.24429621
0.45886654478976235,0.899641577060932,0.24462579
0.4597069597069597,0.899641577060932,0.24500266
0.46055045871559636,0.899641577060932,0.24960291
0.46139705882352944,0.899641577060932,0.24980849
0.4622467771639042,0.899641577060932,0.25194523
0.46309963099630996,0.899641577060932,0.252055
0.46395563770794823,0.899641577060932,0.25513154
0.4648148148148148,0.899641577060932,0.25818664
0.46567717996289426,0.899641577060932,0.25932932
0.46654275092936803,0.899641577060932,0.26070777
0.46741154562383613,0.899641577060932,0.26256448
0.46828358208955223,0.899641577060932,0.26302767
0.4691588785046729,0.899641577060932,0.263173
0.4700374531835206,0.899641577060932,0.2687557
0.4709193245778612,0.899641577060932,0.2694573
0.4718045112781955,0.899641577060932,0.27249065
0.4726930320150659,0.899641577060932,0.27441385
0.47358490566037736,0.899641577060932,0.27570483
0.47448015122873344,0.899641577060932,0.2765899
0.4753787878787879,0.899641577060932,0.27692842
0.47438330170777987,0.8960573476702509,0.2771999
0.47338403041825095,0.8924731182795699,0.28028595
0.4723809523809524,0.8888888888888888,0.281028
0.4732824427480916,0.8888888888888888,0.28147858
0.47418738049713194,0.8888888888888888,0.2843824
0.47509578544061304,0.8888888888888888,0.28448504
0.4760076775431862,0.8888888888888888,0.2862445
0.47692307692307695,0.8888888888888888,0.28695858
0.47784200385356457,0.8888888888888888,0.2882967
0.47876447876447875,0.8888888888888888,0.29042313
0.4796905222437137,0.8888888888888888,0.2952914
0.4806201550387597,0.8888888888888888,0.2960908
0.4815533980582524,0.8888888888888888,0.2979433
0.48249027237354086,0.8888888888888888,0.2980786
0.4834307992202729,0.8888888888888888,0.30009562
0.484375,0.8888888888888888,0.300695
0.48532289628180036,0.8888888888888888,0.30160213
0.48627450980392156,0.8888888888888888,0.30204648
0.48722986247544203,0.8888888888888888,0.3020541
0.4881889763779528,0.8888888888888888,0.30384445
0.4891518737672584,0.8888888888888888,0.30887467
0.4901185770750988,0.8888888888888888,0.30904517
0.4910891089108911,0.8888888888888888,0.31000167
0.49007936507936506,0.8853046594982079,0.31174263
0.49105367793240556,0.8853046594982079,0.31540447
0.49203187250996017,0.8853046594982079,0.31608483
0.4930139720558882,0.8853046594982079,0.31657517
0.494,0.8853046594982079,0.3177345
0.49498997995991983,0.8853046594982079,0.31824946
0.4959839357429719,0.8853046594982079,0.32082736
0.4969818913480885,0.8853046594982079,0.32347375
0.49798387096774194,0.8853046594982079,0.3247364
0.498989898989899,0.8853046594982079,0.325091
0.5,0.8853046594982079,0.32640693
0.5010141987829615,0.8853046594982079,0.32723418
0.5020325203252033,0.8853046594982079,0.32726532
0.5010183299389002,0.8817204301075269,0.32754844
0.5020408163265306,0.8817204301075269,0.32827175
0.5030674846625767,0.8817204301075269,0.3299044
0.5040983606557377,0.8817204301075269,0.33001304
0.5051334702258727,0.8817204301075269,0.33050898
0.5041152263374485,0.8781362007168458,0.33315316
0.5051546391752577,0.8781362007168458,0.33318046
0.506198347107438,0.8781362007168458,0.33327115
0.5072463768115942,0.8781362007168458,0.33698416
0.508298755186722,0.8781362007168458,0.33715865
0.5093555093555093,0.8781362007168458,0.33727425
0.5104166666666666,0.8781362007168458,0.3374725
0.511482254697286,0.8781362007168458,0.34083086
0.5125523012552301,0.8781362007168458,0.34254783
0.5136268343815513,0.8781362007168458,0.34660304
0.5147058823529411,0.8781362007168458,0.3474994
0.5157894736842106,0.8781362007168458,0.34830382
0.5168776371308017,0.8781362007168458,0.34908175
0.5179704016913319,0.8781362007168458,0.3511003
0.5190677966101694,0.8781362007168458,0.3521055
0.5201698513800425,0.8781362007168458,0.35262015
0.5212765957446809,0.8781362007168458,0.3527447
0.5223880597014925,0.8781362007168458,0.3531456
0.5235042735042735,0.8781362007168458,0.35346463
0.5246252676659529,0.8781362007168458,0.35350147
0.5257510729613734,0.8781362007168458,0.35401782
0.5268817204301075,0.8781362007168458,0.35403264
0.5280172413793104,0.8781362007168458,0.35507625
0.5269978401727862,0.8745519713261649,0.3551367
0.5281385281385281,0.8745519713261649,0.35675582
0.5292841648590022,0.8745519713261649,0.35781616
0.5304347826086957,0.8745519713261649,0.35858747
0.5315904139433552,0.8745519713261649,0.35903367
0.5327510917030568,0.8745519713261649,0.3604433
0.5339168490153173,0.8745519713261649,0.36272043
0.5350877192982456,0.8745519713261649,0.36296025
0.5362637362637362,0.8745519713261649,0.36332062
0.5352422907488987,0.8709677419354839,0.3701145
0.5342163355408388,0.8673835125448028,0.37471968
0.5353982300884956,0.8673835125448028,0.37869027
0.5365853658536586,0.8673835125448028,0.38316834
0.5377777777777778,0.8673835125448028,0.38498563
0.5389755011135857,0.8673835125448028,0.3890809
0.5401785714285714,0.8673835125448028,0.38949427
0.5413870246085011,0.8673835125448028,0.39531898
0.5426008968609866,0.8673835125448028,0.39737305
0.5438202247191011,0.8673835125448028,0.4001493
0.545045045045045,0.8673835125448028,0.40042433
0.54627539503386,0.8673835125448028,0.40227968
0.5475113122171946,0.8673835125448028,0.40473524
0.5487528344671202,0.8673835125448028,0.40722552
0.55,0.8673835125448028,0.40916765
0.55125284738041,0.8673835125448028,0.40963826
0.5525114155251142,0.8673835125448028,0.41188076
0.5537757437070938,0.8673835125448028,0.41381943
0.555045871559633,0.8673835125448028,0.41446593
0.5540229885057472,0.8637992831541219,0.41872904
0.5552995391705069,0.8637992831541219,0.4189216
0.5542725173210161,0.8602150537634409,0.41937858
0.5555555555555556,0.8602150537634409,0.42258692
0.5568445475638051,0.8602150537634409,0.42465365
0.5581395348837209,0.8602150537634409,0.42548066
0.5594405594405595,0.8602150537634409,0.4261091
0.5584112149532711,0.8566308243727598,0.42640674
0.5597189695550351,0.8566308243727598,0.42656258
0.5610328638497653,0.8566308243727598,0.42681977
0.5623529411764706,0.8566308243727598,0.4271015
0.5636792452830188,0.8566308243727598,0.42735344
0.5626477541371159,0.8530465949820788,0.4286519
0.5639810426540285,0.8530465949820788,0.42897317
0.5629453681710214,0.8494623655913979,0.42958987
0.5642857142857143,0.8494623655913979,0.43229774
0.5656324582338902,0.8494623655913979,0.43374017
0.5669856459330144,0.8494623655913979,0.43386692
0.5683453237410072,0.8494623655913979,0.43826848
0.5697115384615384,0.8494623655913979,0.43964383
0.5710843373493976,0.8494623655913979,0.44002587
0.572463768115942,0.8494623655913979,0.44046414
0.5738498789346247,0.8494623655913979,0.4407532
0.5752427184466019,0.8494623655913979,0.4407611
0.5766423357664233,0.8494623655913979,0.44092807
0.5756097560975609,0.8458781362007168,0.44124457
0.5770171149144254,0.8458781362007168,0.44405118
0.5784313725490197,0.8458781362007168,0.45110384
0.5773955773955773,0.8422939068100358,0.4515767
0.5788177339901478,0.8422939068100358,0.45507932
0.5802469135802469,0.8422939068100358,0.45548218
0.5816831683168316,0.8422939068100358,0.45607874
0.5831265508684863,0.8422939068100358,0.45743787
0.5845771144278606,0.8422939068100358,0.45861864
0.5860349127182045,0.8422939068100358,0.46105894
0.5875,0.8422939068100358,0.46187654
0.5889724310776943,0.8422939068100358,0.46240768
0.5904522613065326,0.8422939068100358,0.46592373
0.5894206549118388,0.8387096774193549,0.4660953
0.5909090909090909,0.8387096774193549,0.4672242
0.5924050632911393,0.8387096774193549,0.46725237
0.5939086294416244,0.8387096774193549,0.46745276
0.5954198473282443,0.8387096774193549,0.46777347
0.5969387755102041,0.8387096774193549,0.47068933
0.5959079283887468,0.8351254480286738,0.47481608
0.5974358974358974,0.8351254480286738,0.47696432
0.596401028277635,0.8315412186379928,0.47803026
0.5979381443298969,0.8315412186379928,0.47925898
0.599483204134367,0.8315412186379928,0.48024365
0.5984455958549223,0.8279569892473119,0.48165402
0.6,0.8279569892473119,0.48457226
0.6015625,0.8279569892473119,0.48637006
0.6031331592689295,0.8279569892473119,0.48840818
0.6020942408376964,0.8243727598566308,0.48940265
0.6010498687664042,0.8207885304659498,0.49260095
0.6026315789473684,0.8207885304659498,0.4974391
0.604221635883905,0.8207885304659498,0.49781123
0.6058201058201058,0.8207885304659498,0.4982153
0.6074270557029178,0.8207885304659498,0.49854192
0.6063829787234043,0.8172043010752689,0.501851
0.6053333333333333,0.8136200716845878,0.5057888
0.6042780748663101,0.8100358422939068,0.5065046
0.6058981233243967,0.8100358422939068,0.50798374
0.6075268817204301,0.8100358422939068,0.5081245
0.6064690026954178,0.8064516129032258,0.512371
0.6081081081081081,0.8064516129032258,0.5148082
0.6097560975609756,0.8064516129032258,0.5174435
0.6086956521739131,0.8028673835125448,0.5179799
0.6103542234332425,0.8028673835125448,0.5195651
0.6120218579234973,0.8028673835125448,0.51980644
0.6136986301369863,0.8028673835125448,0.5201568
0.6126373626373627,0.7992831541218638,0.5268221
0.6143250688705234,0.7992831541218638,0.5300513
0.6132596685082873,0.7956989247311828,0.5304284
0.6121883656509696,0.7921146953405018,0.5310619
0.6138888888888889,0.7921146953405018,0.53471047
0.6155988857938719,0.7921146953405018,0.5349475
0.61731843575419,0.7921146953405018,0.5417596
0.6190476190476191,0.7921146953405018,0.5429721
0.6207865168539326,0.7921146953405018,0.54321116
0.6225352112676056,0.7921146953405018,0.54377
0.6242937853107344,0.7921146953405018,0.54538876
0.6260623229461756,0.7921146953405018,0.5474683
0.6278409090909091,0.7921146953405018,0.5476754
0.6296296296296297,0.7921146953405018,0.54774207
0.6285714285714286,0.7885304659498208,0.54912823
0.6303724928366762,0.7885304659498208,0.5504147
0.632183908045977,0.7885304659498208,0.5508661
0.6311239193083573,0.7849462365591398,0.5512505
0.6329479768786127,0.7849462365591398,0.55187374
0.6347826086956522,0.7849462365591398,0.55730426
0.6337209302325582,0.7813620071684588,0.5584302
0.6355685131195336,0.7813620071684588,0.5612352
0.6345029239766082,0.7777777777777778,0.5628
0.6363636363636364,0.7777777777777778,0.5653294
0.638235294117647,0.7777777777777778,0.56839335
0.640117994100295,0.7777777777777778,0.56907666
0.6390532544378699,0.7741935483870968,0.5694164
0.6409495548961425,0.7741935483870968,0.5714783
0.6428571428571429,0.7741935483870968,0.5722912
0.6447761194029851,0.7741935483870968,0.57347447
0.6467065868263473,0.7741935483870968,0.5737219
0.6486486486486487,0.7741935483870968,0.57594484
0.6506024096385542,0.7741935483870968,0.57853365
0.649546827794562,0.7706093189964157,0.58268
0.6515151515151515,0.7706093189964157,0.5831848
0.6534954407294833,0.7706093189964157,0.58482426
0.6524390243902439,0.7670250896057348,0.5871467
0.654434250764526,0.7670250896057348,0.59273005
0.656441717791411,0.7670250896057348,0.59385926
0.6584615384615384,0.7670250896057348,0.5970357
0.6604938271604939,0.7670250896057348,0.59717715
0.6625386996904025,0.7670250896057348,0.59766394
0.6645962732919255,0.7670250896057348,0.59794277
0.6666666666666666,0.7670250896057348,0.6035167
0.665625,0.7634408602150538,0.6067583
0.6677115987460815,0.7634408602150538,0.6109269
0.6698113207547169,0.7634408602150538,0.61105716
0.6719242902208202,0.7634408602150538,0.612386
0.6708860759493671,0.7598566308243727,0.6163785
0.6730158730158731,0.7598566308243727,0.6171621
0.6751592356687898,0.7598566308243727,0.6174454
0.6773162939297125,0.7598566308243727,0.6200749
0.6762820512820513,0.7562724014336918,0.62046844
0.6784565916398714,0.7562724014336918,0.6209119
0.6806451612903226,0.7562724014336918,0.626072
0.6828478964401294,0.7562724014336918,0.6261321
0.685064935064935,0.7562724014336918,0.6280172
0.6840390879478827,0.7526881720430108,0.6281916
0.6830065359477124,0.7491039426523297,0.62879515
0.6819672131147541,0.7455197132616488,0.6315269
0.6842105263157895,0.7455197132616488,0.63344544
0.6864686468646864,0.7455197132616488,0.63610613
0.6854304635761589,0.7419354838709677,0.6361627
0.6843853820598007,0.7383512544802867,0.63852054
0.6833333333333333,0.7347670250896058,0.6421724
0.68561872909699,0.7347670250896058,0.6469309
0.6845637583892618,0.7311827956989247,0.6486129
0.6835016835016835,0.7275985663082437,0.6513162
0.6858108108108109,0.7275985663082437,0.65428954
0.688135593220339,0.7275985663082437,0.6550342
0.6870748299319728,0.7240143369175627,0.658205
0.6860068259385665,0.7204301075268817,0.6588993
0.6883561643835616,0.7204301075268817,0.6591344
0.6907216494845361,0.7204301075268817,0.6602369
0.6931034482758621,0.7204301075268817,0.66077733
0.6920415224913494,0.7168458781362007,0.6614846
0.6944444444444444,0.7168458781362007,0.6615322
0.6968641114982579,0.7168458781362007,0.66164315
0.6958041958041958,0.7132616487455197,0.66386086
0.6947368421052632,0.7096774193548387,0.6642464
0.6936619718309859,0.7060931899641577,0.6710408
0.696113074204947,0.7060931899641577,0.6718443
0.6985815602836879,0.7060931899641577,0.6725724
0.701067615658363,0.7060931899641577,0.6727366
0.7035714285714286,0.7060931899641577,0.6762029
0.7025089605734767,0.7025089605734767,0.6781478
0.7050359712230215,0.7025089605734767,0.6781815
0.703971119133574,0.6989247311827957,0.68018585
0.7028985507246377,0.6953405017921147,0.68056446
0.7054545454545454,0.6953405017921147,0.681743
0.7043795620437956,0.6917562724014337,0.6821912
0.7032967032967034,0.6881720430107527,0.6853044
0.7058823529411765,0.6881720430107527,0.68670124
0.7047970479704797,0.6845878136200717,0.6946741
0.7074074074074074,0.6845878136200717,0.70047486
0.7100371747211895,0.6845878136200717,0.70058614
0.7089552238805971,0.6810035842293907,0.70113176
0.7078651685393258,0.6774193548387096,0.7049264
0.706766917293233,0.6738351254480287,0.7086259
0.7056603773584905,0.6702508960573477,0.70951384
0.7083333333333334,0.6702508960573477,0.71287096
0.7110266159695817,0.6702508960573477,0.71338993
0.7099236641221374,0.6666666666666666,0.7145107
0.7126436781609196,0.6666666666666666,0.71909666
0.7153846153846154,0.6666666666666666,0.7198396
0.7142857142857143,0.6630824372759857,0.72160035
0.7170542635658915,0.6630824372759857,0.72437704
0.7198443579766537,0.6630824372759857,0.7263585
0.72265625,0.6630824372759857,0.726618
0.7254901960784313,0.6630824372759857,0.7277001
0.7283464566929134,0.6630824372759857,0.73224443
0.7312252964426877,0.6630824372759857,0.73685914
0.7301587301587301,0.6594982078853047,0.73756653
0.7330677290836654,0.6594982078853047,0.73852694
0.732,0.6559139784946236,0.7395271
0.7349397590361446,0.6559139784946236,0.740361
0.7379032258064516,0.6559139784946236,0.7423197
0.7368421052631579,0.6523297491039427,0.7424887
0.7357723577235772,0.6487455197132617,0.74346983
0.7387755102040816,0.6487455197132617,0.7440022
0.7418032786885246,0.6487455197132617,0.7446261
0.7448559670781894,0.6487455197132617,0.7467746
0.743801652892562,0.6451612903225806,0.7470004
0.7468879668049793,0.6451612903225806,0.74706775
0.7458333333333333,0.6415770609318996,0.7484928
0.7447698744769874,0.6379928315412187,0.74857366
0.7436974789915967,0.6344086021505376,0.74999833
0.7468354430379747,0.6344086021505376,0.7511885
0.75,0.6344086021505376,0.751509
0.7531914893617021,0.6344086021505376,0.7519845
0.7521367521367521,0.6308243727598566,0.75943047
0.7553648068669528,0.6308243727598566,0.7600098
0.7586206896551724,0.6308243727598566,0.76082903
0.7575757575757576,0.6272401433691757,0.76342815
0.7565217391304347,0.6236559139784946,0.7642932
0.7554585152838428,0.6200716845878136,0.76498336
0.7587719298245614,0.6200716845878136,0.77154255
0.762114537444934,0.6200716845878136,0.77159923
0.7654867256637168,0.6200716845878136,0.7738362
0.7644444444444445,0.6164874551971327,0.7741552
0.7678571428571429,0.6164874551971327,0.77597517
0.7713004484304933,0.6164874551971327,0.7792817
0.7702702702702703,0.6129032258064516,0.7800206
0.7692307692307693,0.6093189964157706,0.78114116
0.7681818181818182,0.6057347670250897,0.7827649
0.771689497716895,0.6057347670250897,0.78484845
0.7706422018348624,0.6021505376344086,0.78708655
0.7695852534562212,0.5985663082437276,0.7926133
0.7685185185185185,0.5949820788530465,0.79310316
0.772093023255814,0.5949820788530465,0.7941593
0.7757009345794392,0.5949820788530465,0.79429454
0.7793427230046949,0.5949820788530465,0.79793155
0.7783018867924528,0.5913978494623656,0.80135137
0.7772511848341233,0.5878136200716846,0.8017215
0.7761904761904762,0.5842293906810035,0.8055776
0.7751196172248804,0.5806451612903226,0.8060389
0.7788461538461539,0.5806451612903226,0.80626124
0.7777777777777778,0.5770609318996416,0.8094927
0.7815533980582524,0.5770609318996416,0.81322855
0.7804878048780488,0.5734767025089605,0.8137792
0.7843137254901961,0.5734767025089605,0.81496876
0.7832512315270936,0.5698924731182796,0.81544983
0.7821782178217822,0.5663082437275986,0.8155446
0.7810945273631841,0.5627240143369175,0.81585974
0.78,0.5591397849462365,0.8164008
0.7839195979899497,0.5591397849462365,0.8185579
0.7828282828282829,0.5555555555555556,0.81896406
0.7868020304568528,0.5555555555555556,0.8203968
0.7908163265306123,0.5555555555555556,0.8266954
0.7897435897435897,0.5519713261648745,0.8268737
0.788659793814433,0.5483870967741935,0.82886356
0.7927461139896373,0.5483870967741935,0.8295053
0.7916666666666666,0.5448028673835126,0.8302582
0.7905759162303665,0.5412186379928315,0.8303379
0.7894736842105263,0.5376344086021505,0.83040833
0.7883597883597884,0.5340501792114696,0.83150715
0.7872340425531915,0.5304659498207885,0.83198875
0.7914438502673797,0.5304659498207885,0.83220714
0.7956989247311828,0.5304659498207885,0.83306277
0.7945945945945946,0.5268817204301075,0.83419025
0.7934782608695652,0.5232974910394266,0.83444566
0.7978142076502732,0.5232974910394266,0.8360071
0.7967032967032966,0.5197132616487455,0.8366011
0.8011049723756906,0.5197132616487455,0.836824
0.8,0.5161290322580645,0.83873254
0.8044692737430168,0.5161290322580645,0.8400075
0.8089887640449438,0.5161290322580645,0.8405015
0.8135593220338984,0.5161290322580645,0.84239125
0.8181818181818182,0.5161290322580645,0.84290344
0.8171428571428572,0.5125448028673835,0.84407526
0.8160919540229885,0.5089605734767025,0.84497553
0.815028901734104,0.5053763440860215,0.845117
0.8197674418604651,0.5053763440860215,0.8473897
0.8187134502923976,0.5017921146953405,0.8486177
0.8235294117647058,0.5017921146953405,0.8490301
0.8284023668639053,0.5017921146953405,0.8492488
0.8333333333333334,0.5017921146953405,0.84952164
0.8323353293413174,0.4982078853046595,0.849665
0.8373493975903614,0.4982078853046595,0.8496718
0.8363636363636363,0.4946236559139785,0.85116976
0.8353658536585366,0.4910394265232975,0.8529718
0.8343558282208589,0.4874551971326165,0.8549364
0.8395061728395061,0.4874551971326165,0.8559075
0.84472049689441,0.4874551971326165,0.85650873
0.84375,0.4838709677419355,0.85926473
0.8427672955974843,0.48028673835125446,0.85931575
0.8417721518987342,0.4767025089605735,0.8597017
0.8407643312101911,0.4731182795698925,0.8605949
0.8397435897435898,0.46953405017921146,0.8628576
0.8451612903225807,0.46953405017921146,0.8631353
0.8441558441558441,0.4659498207885305,0.8651703
0.8431372549019608,0.46236559139784944,0.866375
0.8486842105263158,0.46236559139784944,0.8669447
0.847682119205298,0.45878136200716846,0.8678748
0.8466666666666667,0.4551971326164875,0.87045664
0.8456375838926175,0.45161290322580644,0.8722053
0.8445945945945946,0.44802867383512546,0.8725585
0.8435374149659864,0.4444444444444444,0.8784186
0.8424657534246576,0.44086021505376344,0.87899655
0.8413793103448276,0.43727598566308246,0.88257223
0.8402777777777778,0.4336917562724014,0.88325256
0.8391608391608392,0.43010752688172044,0.8833978
0.8380281690140845,0.4265232974910394,0.88428557
0.8439716312056738,0.4265232974910394,0.88674736
0.8428571428571429,0.4229390681003584,0.88675505
0.841726618705036,0.41935483870967744,0.88719034
0.8478260869565217,0.41935483870967744,0.8906645
0.8540145985401459,0.41935483870967744,0.8911394
0.8529411764705882,0.4157706093189964,0.8934311
0.8518518518518519,0.4121863799283154,0.8951112
0.8582089552238806,0.4121863799283154,0.8998709
0.8571428571428571,0.40860215053763443,0.90160495
0.8636363636363636,0.40860215053763443,0.90438455
0.8625954198473282,0.4050179211469534,0.9055958
0.8615384615384616,0.4014336917562724,0.90622395
0.8604651162790697,0.3978494623655914,0.9072305
0.859375,0.3942652329749104,0.9100287
0.8661417322834646,0.3942652329749104,0.9121812
0.8650793650793651,0.3906810035842294,0.91234916
0.864,0.3870967741935484,0.913814
0.8709677419354839,0.3870967741935484,0.91552454
0.8699186991869918,0.3835125448028674,0.91639376
0.8688524590163934,0.37992831541218636,0.91764826
0.8677685950413223,0.3763440860215054,0.918181
0.8666666666666667,0.3727598566308244,0.9196488
0.8739495798319328,0.3727598566308244,0.92019325
0.8728813559322034,0.36917562724014336,0.9222709
0.8717948717948718,0.3655913978494624,0.9259374
0.8706896551724138,0.36200716845878134,0.92640954
0.8695652173913043,0.35842293906810035,0.928823
0.868421052631579,0.3548387096774194,0.9291467
0.8672566371681416,0.35125448028673834,0.9305876
0.8660714285714286,0.34767025089605735,0.9308117
0.8648648648648649,0.34408602150537637,0.9319589
0.8636363636363636,0.34050179211469533,0.9324169
0.8623853211009175,0.33691756272401435,0.93295676
0.8703703703703703,0.33691756272401435,0.933062
0.8691588785046729,0.3333333333333333,0.9346
0.8773584905660378,0.3333333333333333,0.93489164
0.8761904761904762,0.32974910394265233,0.935497
0.875,0.32616487455197135,0.93729985
0.883495145631068,0.32616487455197135,0.93738526
0.8823529411764706,0.3225806451612903,0.9375866
0.8910891089108911,0.3225806451612903,0.9390079
0.9,0.3225806451612903,0.9390765
0.898989898989899,0.31899641577060933,0.9391155
0.8979591836734694,0.3154121863799283,0.9391194
0.8969072164948454,0.3118279569892473,0.9396935
0.8958333333333334,0.30824372759856633,0.9413668
0.9052631578947369,0.30824372759856633,0.94315803
0.9148936170212766,0.30824372759856633,0.9431911
0.9139784946236559,0.3046594982078853,0.9434207
0.9239130434782609,0.3046594982078853,0.94442236
0.9230769230769231,0.3010752688172043,0.94449353
0.9222222222222223,0.2974910394265233,0.9445887
0.9213483146067416,0.2939068100358423,0.9450436
0.9204545454545454,0.2903225806451613,0.94617414
0.9195402298850575,0.2867383512544803,0.946852
0.9186046511627907,0.2831541218637993,0.9468535
0.9176470588235294,0.27956989247311825,0.9470898
0.9166666666666666,0.27598566308243727,0.9486979
0.927710843373494,0.27598566308243727,0.9492017
0.926829268292683,0.2724014336917563,0.9494601
0.9259259259259259,0.26881720430107525,0.9496954
0.925,0.26523297491039427,0.9506024
0.9240506329113924,0.2616487455197133,0.9507037
0.9230769230769231,0.25806451612903225,0.95263386
0.922077922077922,0.25448028673835127,0.9527173
0.9342105263157895,0.25448028673835127,0.9542541
0.9466666666666667,0.25448028673835127,0.9565943
0.9459459459459459,0.25089605734767023,0.9566023
0.9452054794520548,0.24731182795698925,0.9576526
0.9444444444444444,0.24372759856630824,0.95815206
0.9436619718309859,0.24014336917562723,0.95817244
0.9428571428571428,0.23655913978494625,0.9587372
0.9420289855072463,0.23297491039426524,0.96017385
0.9558823529411765,0.23297491039426524,0.96062875
0.9552238805970149,0.22939068100358423,0.9606916
0.9545454545454546,0.22580645161290322,0.9616131
0.9538461538461539,0.2222222222222222,0.9631017
0.96875,0.2222222222222222,0.9632232
0.9682539682539683,0.21863799283154123,0.96344936
0.967741935483871,0.21505376344086022,0.9657674
0.9672131147540983,0.2114695340501792,0.96824855
0.9666666666666667,0.2078853046594982,0.9691722
0.9661016949152542,0.20430107526881722,0.97014564
0.9655172413793104,0.2007168458781362,0.97048616
0.9649122807017544,0.1971326164874552,0.9709848
0.9642857142857143,0.1935483870967742,0.97101045
0.9636363636363636,0.18996415770609318,0.9710234
0.9629629629629629,0.1863799283154122,0.97115415
0.9622641509433962,0.1827956989247312,0.9727461
0.9615384615384616,0.17921146953405018,0.9735246
0.9607843137254902,0.17562724014336917,0.97363293
0.96,0.17204301075268819,0.9746798
0.9591836734693877,0.16845878136200718,0.9762037
0.9583333333333334,0.16487455197132617,0.9771384
0.9787234042553191,0.16487455197132617,0.9772374
0.9782608695652174,0.16129032258064516,0.9772649
0.9777777777777777,0.15770609318996415,0.97743803
0.9772727272727273,0.15412186379928317,0.9779077
0.9767441860465116,0.15053763440860216,0.9783192
0.9761904761904762,0.14695340501792115,0.97898006
0.975609756097561,0.14336917562724014,0.97923934
0.975,0.13978494623655913,0.97987807
0.9743589743589743,0.13620071684587814,0.9817592
0.9736842105263158,0.13261648745519714,0.9829307
0.972972972972973,0.12903225806451613,0.9838447
0.9722222222222222,0.12544802867383512,0.9841203
0.9714285714285714,0.12186379928315412,0.98556036
0.9705882352941176,0.11827956989247312,0.98588365
1.0,0.11827956989247312,0.9868133
1.0,0.11469534050179211,0.9871157
1.0,0.1111111111111111,0.98729193
1.0,0.10752688172043011,0.9873
1.0,0.1039426523297491,0.98858845
1.0,0.1003584229390681,0.9897657
1.0,0.0967741935483871,0.99004143
1.0,0.0931899641577061,0.99038154
1.0,0.08960573476702509,0.99040496
1.0,0.08602150537634409,0.99191135
1.0,0.08243727598566308,0.99215174
1.0,0.07885304659498207,0.99322563
1.0,0.07526881720430108,0.9932556
1.0,0.07168458781362007,0.9933302
1.0,0.06810035842293907,0.993871
1.0,0.06451612903225806,0.99399996
1.0,0.06093189964157706,0.99501836
1.0,0.05734767025089606,0.99509215
1.0,0.053763440860215055,0.9953595
1.0,0.05017921146953405,0.9954211
1.0,0.04659498207885305,0.9954418
1.0,0.043010752688172046,0.99594826
1.0,0.03942652329749104,0.9961713
1.0,0.035842293906810034,0.9965429
1.0,0.03225806451612903,0.99676895
1.0,0.02867383512544803,0.99709606
1.0,0.025089605734767026,0.9971276
1.0,0.021505376344086023,0.99737847
1.0,0.017921146953405017,0.9975629
1.0,0.014336917562724014,0.997624
1.0,0.010752688172043012,0.99778146
1.0,0.007168458781362007,0.99816555
1.0,0.0035842293906810036,0.99879116
1.0,0.0,0.9992767
